ts,node,temp_c,hum,t_max,t_min,fault
2026-03-02 06:00:00, NODE-A ,18.72,75.8,24.03,17.78,0
2026-03-02 06:00:00,node-b,18.38,,24.03,17.71,0
2026-03-02 06:00:00,node-c,20.25,76.0,25.04,18.21,0
2026-03-02 06:00:00,node-d,20.08,68.4,25.30,18.28,0
2026-03-02 06:00:00,node-e,22.84,73.9,26.52,18.95,0
2026-03-02 06:00:00,node-f,20.91,60.5,26.85,20.18,0
2026-03-02 06:15:00,node-a,19.15,63.9,24.03,17.78,0
2026-03-02 06:15:00,node-b,19.12,66.2,24.03,17.71,0
2026-03-02 06:15:00,node-c,19.61,63.7,25.04,18.21,0
2026-03-02 06:15:00,node-d,19.05,62.3,25.30,18.28,0
2026-03-02 06:15:00,node-e,21.36,75.1,26.52,18.95,0
2026-03-02 06:15:00,node-f ,21.01,67.1,26.85,20.18,0
2026-03-02 06:30:00,node-a,19.08,73.9,24.03,17.78,0
2026-03-02 06:30:00,node-b,18.45,76.0,24.03,17.71,0
2026-03-02 06:30:00,node-c,19.17,76.1,25.04,18.21,0
2026-03-02 06:30:00,node-d,18.58,76.0,25.30,18.28,0
2026-03-02 06:30:00,NODE-E,19.88,71.3,26.52,18.95,0
2026-03-02 06:30:00,node-f,20.97,62.2,26.85,20.18,1
2026-03-02 06:45:00,node-a,18.44,75.7,24.03,17.78,0
2026-03-02 06:45:00,node-a,18.44,75.7,24.03,17.78,0
2026-03-02 06:45:00,node-b,19.56,72.8,24.03,17.71,0
2026-03-02 06:45:00,node-c,19.34,75.6,25.04,18.21,0
2026-03-02 06:45:00,node-d,19.57,,25.30,18.28,0
2026-03-02 06:45:00,node-e,20.59,62.3,26.52,18.95,0
2026-03-02 06:45:00,node-f,20.73,65.0,26.85,20.18,0
2026-03-02 07:00:00,node-a,19.35,75.0,24.03,17.78,0
2026-03-02 07:00:00,node-b,19.09,66.9,24.03,17.71,0
2026-03-02 07:00:00,node-c,19.20,56.2,25.04,18.21,0
2026-03-02 07:00:00,node-d,19.87,58.7,25.30,18.28,0
2026-03-02 07:00:00,node-e,19.91,69.5,26.52,18.95,0
2026-03-02 07:00:00,node-f,20.68,61.0,26.85,20.18,0
2026-03-02 07:15:00,node-a,19.06,74.8,24.03,17.78,0
2026-03-02 07:15:00,node-b,18.18,64.4,24.03,17.71,0
2026-03-02 07:15:00,node-c ,19.95,69.1,25.04,18.21,0
2026-03-02 07:15:00,node-d,20.02,63.8,25.30,18.28,0
2026-03-02 07:15:00,node-e,20.39,71.1,26.52,18.95,0
2026-03-02 07:15:00,node-f,20.90,65.3,26.85,20.18,0
2026-03-02 07:30:00,node-a,19.34,78.6,24.03,17.78,0
2026-03-02 07:30:00, NODE-B ,19.82,66.6,24.03,17.71,0
2026-03-02 07:30:00,node-c,18.73,66.7,25.04,18.21,0
2026-03-02 07:30:00,node-d,20.28,67.8,25.30,18.28,0
2026-03-02 07:30:00,node-e,21.06,,26.52,18.95,0
2026-03-02 07:30:00,node-f,,66.4,26.85,20.18,1
2026-03-02 07:45:00,node-a,20.09,66.9,24.03,17.78,0
2026-03-02 07:45:00,node-b,18.85,61.4,24.03,17.71,0
2026-03-02 07:45:00,node-c,20.99,65.3,25.04,18.21,0
2026-03-02 07:45:00,node-d,20.63,60.7,25.30,18.28,0
2026-03-02 07:45:00,node-e,21.63,63.3,26.52,18.95,0
2026-03-02 07:45:00,node-f,21.84,57.2,26.85,20.18,0
2026-03-02 08:00:00,node-a,18.93,,24.03,17.78,0
2026-03-02 08:00:00,node-b,19.84,58.1,24.03,17.71,0
2026-03-02 08:00:00,node-c,19.79,65.3,25.04,18.21,0
2026-03-02 08:00:00,node-c,19.79,65.3,25.04,18.21,0
2026-03-02 08:00:00,node-d,20.51,73.0,25.30,18.28,0
2026-03-02 08:00:00,node-e,,61.1,26.52,18.95,0
2026-03-02 08:00:00,node-f ,22.40,49.4,26.85,20.18,1
2026-03-02 08:15:00,node-a,20.16,80.7,24.03,17.78,0
2026-03-02 08:15:00,node-b,18.69,56.8,24.03,17.71,0
2026-03-02 08:15:00,node-c,20.86,65.3,25.04,18.21,0
2026-03-02 08:15:00,node-d,20.26,52.5,25.30,18.28,0
2026-03-02 08:15:00, NODE-E ,21.89,63.7,26.52,18.95,0
2026-03-02 08:15:00,node-f,22.13,62.1,26.85,20.18,1
2026-03-02 08:30:00,node-a,19.07,76.3,24.03,17.78,0
2026-03-02 08:30:00,node-b,19.68,57.0,24.03,17.71,0
2026-03-02 08:30:00,node-c,21.12,69.4,25.04,18.21,0
2026-03-02 08:30:00,node-d,20.64,65.9,25.30,18.28,0
2026-03-02 08:30:00,node-e,20.96,70.2,26.52,18.95,0
2026-03-02 08:30:00,node-f,23.09,44.8,26.85,20.18,1
2026-03-02 08:45:00,node-a,18.56,58.0,24.03,17.78,0
2026-03-02 08:45:00,node-b,19.50,75.1,24.03,17.71,0
2026-03-02 08:45:00,node-c,20.55,68.4,25.04,18.21,0
2026-03-02 08:45:00,node-d,20.52,73.6,25.30,18.28,0
2026-03-02 08:45:00,node-e,22.42,54.5,26.52,18.95,0
2026-03-02 08:45:00,node-f,21.75,62.6,26.85,20.18,0
2026-03-02 08:45:00,node-f,21.75,62.6,26.85,20.18,0
2026-03-02 09:00:00,node-a,20.07,,24.03,17.78,0
2026-03-02 09:00:00,node-b,20.63,54.6,24.03,17.71,0
2026-03-02 09:00:00,NODE-C,20.20,60.2,25.04,18.21,0
2026-03-02 09:00:00,node-d,21.71,67.6,25.30,18.28,0
2026-03-02 09:00:00,node-d,21.71,67.6,25.30,18.28,0
2026-03-02 09:00:00,node-e,20.69,61.6,26.52,18.95,0
2026-03-02 09:00:00,node-f,23.30,60.3,26.85,20.18,1
2026-03-02 09:15:00,node-a,20.31,71.7,24.03,17.78,0
2026-03-02 09:15:00, NODE-B ,19.51,64.6,24.03,17.71,0
2026-03-02 09:15:00,node-c,19.64,64.7,25.04,18.21,0
2026-03-02 09:15:00,node-d,22.72,63.7,25.30,18.28,1
2026-03-02 09:15:00,node-e,22.33,60.5,26.52,18.95,0
2026-03-02 09:15:00,node-f,21.77,,26.85,20.18,0
2026-03-02 09:30:00,node-a,18.35,74.2,24.03,17.78,0
2026-03-02 09:30:00,node-b,19.26,77.1,24.03,17.71,0
2026-03-02 09:30:00,node-c,20.55,56.4,25.04,18.21,0
2026-03-02 09:30:00,node-d,21.77,50.0,25.30,18.28,0
2026-03-02 09:30:00,node-e,21.57,57.2,26.52,18.95,0
2026-03-02 09:30:00,node-f,22.22,55.7,26.85,20.18,0
2026-03-02 09:45:00,node-a,18.48,67.5,24.03,17.78,0
2026-03-02 09:45:00,node-b,20.98,68.0,24.03,17.71,0
2026-03-02 09:45:00,node-c,21.24,58.5,25.04,18.21,0
2026-03-02 09:45:00,node-d,22.30,58.6,25.30,18.28,1
2026-03-02 09:45:00,node-e,22.28,50.8,26.52,18.95,0
2026-03-02 09:45:00,NODE-F,22.63,69.6,26.85,20.18,0
2026-03-02 10:00:00,node-a,,60.5,24.03,17.78,0
2026-03-02 10:00:00,node-b,19.75,67.1,24.03,17.71,0
2026-03-02 10:00:00,node-c,,61.6,25.04,18.21,0
2026-03-02 10:00:00,node-d,21.64,59.8,25.30,18.28,0
2026-03-02 10:00:00, NODE-E ,23.13,54.0,26.52,18.95,0
2026-03-02 10:00:00,node-f,23.83,53.2,26.85,20.18,1
2026-03-02 10:15:00,node-a,19.48,63.6,24.03,17.78,0
2026-03-02 10:15:00,node-a,19.48,63.6,24.03,17.78,0
2026-03-02 10:15:00,node-b,21.17,63.9,24.03,17.71,0
2026-03-02 10:15:00,node-c,22.45,77.7,25.04,18.21,0
2026-03-02 10:15:00,node-d,22.05,57.6,25.30,18.28,0
2026-03-02 10:15:00,node-e,22.85,54.4,26.52,18.95,1
2026-03-02 10:15:00,node-f,,64.0,26.85,20.18,1
2026-03-02 10:30:00,node-a,19.69,53.8,24.03,17.78,0
2026-03-02 10:30:00,node-b,21.52,65.4,24.03,17.71,0
2026-03-02 10:30:00,node-c,21.16,61.1,25.04,18.21,0
2026-03-02 10:30:00,node-d ,21.91,56.5,25.30,18.28,1
2026-03-02 10:30:00,node-e,23.27,,26.52,18.95,0
2026-03-02 10:30:00,node-e,23.27,,26.52,18.95,0
2026-03-02 10:30:00,node-f,23.49,49.4,26.85,20.18,1
2026-03-02 10:45:00,node-a,20.78,62.0,24.03,17.78,0
2026-03-02 10:45:00,node-b,22.09,59.7,24.03,17.71,0
2026-03-02 10:45:00,NODE-C,22.84,54.7,25.04,18.21,0
2026-03-02 10:45:00,node-d,21.37,45.4,25.30,18.28,0
2026-03-02 10:45:00,node-e,21.87,56.8,26.52,18.95,0
2026-03-02 10:45:00,node-f,22.96,53.4,26.85,20.18,1
2026-03-02 11:00:00,node-a,20.08,67.6,24.03,17.78,0
2026-03-02 11:00:00,node-b,22.87,55.5,24.03,17.71,0
2026-03-02 11:00:00,node-c,23.33,53.1,25.04,18.21,0
2026-03-02 11:00:00,node-d,21.39,55.1,25.30,18.28,0
2026-03-02 11:00:00,node-e,23.88,55.4,26.52,18.95,0
2026-03-02 11:00:00,node-f,23.15,41.2,26.85,20.18,1
2026-03-02 11:15:00,node-a,21.27,61.6,24.03,17.78,0
2026-03-02 11:15:00,node-b,20.66,52.3,24.03,17.71,0
2026-03-02 11:15:00,node-c,21.03,64.5,25.04,18.21,0
2026-03-02 11:15:00,node-d,22.88,55.7,25.30,18.28,1
2026-03-02 11:15:00,node-e,21.94,56.4,26.52,18.95,0
2026-03-02 11:15:00,node-f,23.69,52.1,26.85,20.18,1
2026-03-02 11:30:00,node-a ,22.54,55.1,24.03,17.78,0
2026-03-02 11:30:00,node-b,21.63,58.9,24.03,17.71,0
2026-03-02 11:30:00,node-c,22.78,61.9,25.04,18.21,0
2026-03-02 11:30:00,node-d,22.46,60.4,25.30,18.28,0
2026-03-02 11:30:00,node-e,,44.8,26.52,18.95,1
2026-03-02 11:30:00, NODE-F ,25.36,73.3,26.85,20.18,1
2026-03-02 11:45:00,node-a,20.91,57.4,24.03,17.78,0
2026-03-02 11:45:00,node-b,21.79,53.9,24.03,17.71,0
2026-03-02 11:45:00,node-c,21.92,57.0,25.04,18.21,0
2026-03-02 11:45:00,node-d,22.82,49.0,25.30,18.28,0
2026-03-02 11:45:00,node-e,23.10,39.2,26.52,18.95,1
2026-03-02 11:45:00,node-f,24.37,44.9,26.85,20.18,1
2026-03-02 12:00:00,node-a,22.03,48.4,24.03,17.78,0
2026-03-02 12:00:00,node-b,21.78,56.0,24.03,17.71,0
2026-03-02 12:00:00,node-c,22.50,62.5,25.04,18.21,0
2026-03-02 12:00:00,node-d,23.66,47.1,25.30,18.28,1
2026-03-02 12:00:00,node-e,24.73,45.8,26.52,18.95,1
2026-03-02 12:00:00,node-f,26.07,44.1,26.85,20.18,1
2026-03-02 12:15:00,node-a,21.72,62.0,24.03,17.78,0
2026-03-02 12:15:00,node-b,22.22,55.4,24.03,17.71,0
2026-03-02 12:15:00,node-c,23.39,60.6,25.04,18.21,0
2026-03-02 12:15:00,node-d ,22.62,56.1,25.30,18.28,0
2026-03-02 12:15:00,node-e,23.37,51.7,26.52,18.95,1
2026-03-02 12:15:00,node-f,24.81,46.9,26.85,20.18,1
2026-03-02 12:30:00,node-a,22.19,61.7,24.03,17.78,0
2026-03-02 12:30:00,node-b,21.46,54.2,24.03,17.71,0
2026-03-02 12:30:00, NODE-C ,22.01,56.1,25.04,18.21,1
2026-03-02 12:30:00,node-d,23.42,47.9,25.30,18.28,1
2026-03-02 12:30:00,node-e,25.14,54.4,26.52,18.95,1
2026-03-02 12:30:00,node-e,25.14,54.4,26.52,18.95,1
2026-03-02 12:30:00,node-f,25.53,57.5,26.85,20.18,1
2026-03-02 12:45:00,node-a,21.46,,24.03,17.78,0
2026-03-02 12:45:00,node-b,22.90,54.3,24.03,17.71,0
2026-03-02 12:45:00,node-c,22.92,52.3,25.04,18.21,0
2026-03-02 12:45:00,node-d,22.65,46.8,25.30,18.28,0
2026-03-02 12:45:00,node-e,24.66,63.9,26.52,18.95,1
2026-03-02 12:45:00,node-f,25.90,42.2,26.85,20.18,1
2026-03-02 13:00:00,node-a,20.77,57.3,24.03,17.78,0
2026-03-02 13:00:00,node-b,21.90,51.9,24.03,17.71,0
2026-03-02 13:00:00,node-c,24.25,55.2,25.04,18.21,1
2026-03-02 13:00:00,node-d,23.94,47.5,25.30,18.28,1
2026-03-02 13:00:00,node-e,24.50,58.9,26.52,18.95,1
2026-03-02 13:00:00,node-f,25.05,58.9,26.85,20.18,1
2026-03-02 13:15:00,NODE-A,22.16,54.3,24.03,17.78,0
2026-03-02 13:15:00,node-b,21.93,57.2,24.03,17.71,0
2026-03-02 13:15:00,node-c,23.96,61.1,25.04,18.21,0
2026-03-02 13:15:00,node-d,24.45,43.0,25.30,18.28,1
2026-03-02 13:15:00,node-e,24.92,43.5,26.52,18.95,1
2026-03-02 13:15:00, NODE-F ,25.29,41.5,26.85,20.18,1
2026-03-02 13:30:00,node-a,22.38,59.8,24.03,17.78,0
2026-03-02 13:30:00,node-b,22.62,56.2,24.03,17.71,1
2026-03-02 13:30:00,node-c,23.47,43.6,25.04,18.21,0
2026-03-02 13:30:00,node-d,24.81,44.5,25.30,18.28,1
2026-03-02 13:30:00,node-e,25.58,38.8,26.52,18.95,1
2026-03-02 13:30:00,node-f,24.55,34.3,26.85,20.18,1
2026-03-02 13:45:00,node-a,22.56,60.7,24.03,17.78,0
2026-03-02 13:45:00,node-b,23.33,57.1,24.03,17.71,0
2026-03-02 13:45:00,node-c,23.75,50.5,25.04,18.21,1
2026-03-02 13:45:00,node-d,23.99,,25.30,18.28,0
2026-03-02 13:45:00,node-e,25.06,45.9,26.52,18.95,1
2026-03-02 13:45:00,node-f,24.30,46.9,26.85,20.18,0
2026-03-02 14:00:00,node-a,23.43,53.7,24.03,17.78,0
2026-03-02 14:00:00,node-b,23.73,52.0,24.03,17.71,0
2026-03-02 14:00:00,node-c,23.62,46.4,25.04,18.21,1
2026-03-02 14:00:00,NODE-D,23.10,42.3,25.30,18.28,1
2026-03-02 14:00:00,node-e,26.07,54.0,26.52,18.95,1
2026-03-02 14:00:00,node-f,25.42,40.5,26.85,20.18,1
2026-03-02 14:15:00,node-a,22.37,,24.03,17.78,0
2026-03-02 14:15:00,node-b,22.87,43.9,24.03,17.71,0
2026-03-02 14:15:00, NODE-C ,24.26,55.0,25.04,18.21,1
2026-03-02 14:15:00,node-d,23.82,,25.30,18.28,1
2026-03-02 14:15:00,node-e,24.98,,26.52,18.95,1
2026-03-02 14:15:00,node-f,24.90,48.1,26.85,20.18,1
2026-03-02 14:30:00,node-a,22.72,68.5,24.03,17.78,0
2026-03-02 14:30:00,node-b,22.59,49.6,24.03,17.71,1
2026-03-02 14:30:00,node-c,23.30,54.4,25.04,18.21,1
2026-03-02 14:30:00,node-d,24.82,44.7,25.30,18.28,1
2026-03-02 14:30:00,node-e,25.47,51.6,26.52,18.95,1
2026-03-02 14:30:00,node-f,26.34,46.2,26.85,20.18,1
2026-03-02 14:45:00,node-a,22.56,51.1,24.03,17.78,0
2026-03-02 14:45:00,node-b ,21.66,46.6,24.03,17.71,0
2026-03-02 14:45:00,node-c,24.28,43.2,25.04,18.21,1
2026-03-02 14:45:00,node-d,23.98,60.6,25.30,18.28,0
2026-03-02 14:45:00,node-e,26.22,47.9,26.52,18.95,1
2026-03-02 14:45:00,node-f,25.34,33.8,26.85,20.18,1
2026-03-02 14:45:00,node-f,25.34,33.8,26.85,20.18,1
2026-03-02 15:00:00,NODE-A,21.81,54.2,24.03,17.78,0
2026-03-02 15:00:00,node-b,22.82,52.5,24.03,17.71,0
2026-03-02 15:00:00,node-c,23.49,54.9,25.04,18.21,1
2026-03-02 15:00:00,node-d,,48.5,25.30,18.28,1
2026-03-02 15:00:00,node-e,25.64,48.2,26.52,18.95,1
2026-03-02 15:00:00,node-f,26.55,46.4,26.85,20.18,1
2026-03-02 15:15:00,node-a,22.87,46.6,24.03,17.78,1
2026-03-02 15:15:00,node-b,22.58,51.2,24.03,17.71,0
2026-03-02 15:15:00,node-c,23.82,60.5,25.04,18.21,1
2026-03-02 15:15:00,node-d,23.50,41.4,25.30,18.28,1
2026-03-02 15:15:00,node-e,24.25,58.4,26.52,18.95,1
2026-03-02 15:15:00,node-f,24.50,51.1,26.85,20.18,1
2026-03-02 15:30:00,node-a,22.81,60.6,24.03,17.78,0
2026-03-02 15:30:00,node-b,23.34,52.1,24.03,17.71,0
2026-03-02 15:30:00,node-c,22.08,50.9,25.04,18.21,0
2026-03-02 15:30:00,node-d,23.10,48.6,25.30,18.28,1
2026-03-02 15:30:00,node-e ,24.19,46.1,26.52,18.95,1
2026-03-02 15:30:00,node-f,26.27,52.6,26.85,20.18,1
2026-03-02 15:45:00,node-a,22.31,58.0,24.03,17.78,0
2026-03-02 15:45:00,node-b,22.55,35.6,24.03,17.71,1
2026-03-02 15:45:00,node-c,24.74,47.8,25.04,18.21,1
2026-03-02 15:45:00, NODE-D ,23.09,62.1,25.30,18.28,0
2026-03-02 15:45:00,node-e,25.54,,26.52,18.95,1
2026-03-02 15:45:00,node-f,24.99,47.1,26.85,20.18,1
2026-03-02 16:00:00,node-a,22.80,52.4,24.03,17.78,0
2026-03-02 16:00:00,node-b,21.94,40.6,24.03,17.71,0
2026-03-02 16:00:00,node-c,24.23,48.8,25.04,18.21,1
2026-03-02 16:00:00,node-d,24.81,42.1,25.30,18.28,1
2026-03-02 16:00:00,node-e,24.20,52.8,26.52,18.95,1
2026-03-02 16:00:00,node-f,25.28,41.2,26.85,20.18,1
2026-03-02 16:15:00,node-a,22.58,64.1,24.03,17.78,0
2026-03-02 16:15:00,node-b,22.55,63.8,24.03,17.71,0
2026-03-02 16:15:00,node-c,23.51,44.8,25.04,18.21,1
2026-03-02 16:15:00,node-c,23.51,44.8,25.04,18.21,1
2026-03-02 16:15:00,node-d,24.98,,25.30,18.28,0
2026-03-02 16:15:00,node-e,23.73,50.1,26.52,18.95,1
2026-03-02 16:15:00,node-e,23.73,50.1,26.52,18.95,1
2026-03-02 16:15:00,node-f,25.01,37.3,26.85,20.18,1
2026-03-02 16:30:00,node-a,22.25,60.0,24.03,17.78,0
2026-03-02 16:30:00,node-b ,22.13,53.8,24.03,17.71,0
2026-03-02 16:30:00,node-b ,22.13,53.8,24.03,17.71,0
2026-03-02 16:30:00,node-c,22.04,52.3,25.04,18.21,0
2026-03-02 16:30:00,node-d,24.05,51.3,25.30,18.28,1
2026-03-02 16:30:00,node-e,23.72,48.1,26.52,18.95,1
2026-03-02 16:30:00,node-f,24.33,56.6,26.85,20.18,1
2026-03-02 16:45:00, NODE-A ,22.59,62.1,24.03,17.78,0
2026-03-02 16:45:00,node-b,23.33,51.1,24.03,17.71,0
2026-03-02 16:45:00,node-c,23.86,43.7,25.04,18.21,1
2026-03-02 16:45:00,node-d,23.81,49.2,25.30,18.28,1
2026-03-02 16:45:00,node-e,24.18,44.6,26.52,18.95,1
2026-03-02 16:45:00,node-f,23.85,,26.85,20.18,1
2026-03-02 17:00:00,node-a,22.98,59.4,24.03,17.78,0
2026-03-02 17:00:00,node-b,,55.9,24.03,17.71,0
2026-03-02 17:00:00,node-c,22.80,57.3,25.04,18.21,0
2026-03-02 17:00:00,node-d,24.49,50.3,25.30,18.28,1
2026-03-02 17:00:00,node-e,24.41,47.0,26.52,18.95,1
2026-03-02 17:00:00,node-f,24.28,60.9,26.85,20.18,0
2026-03-02 17:15:00,node-a,23.73,51.1,24.03,17.78,1
2026-03-02 17:15:00,node-b,22.98,61.2,24.03,17.71,1
2026-03-02 17:15:00,node-c,23.87,45.7,25.04,18.21,1
2026-03-02 17:15:00,node-d,25.00,56.4,25.30,18.28,1
2026-03-02 17:15:00,NODE-E,24.26,55.8,26.52,18.95,1
2026-03-02 17:15:00,node-f,25.26,48.3,26.85,20.18,1
2026-03-02 17:15:00,node-f,25.26,48.3,26.85,20.18,1
2026-03-02 17:30:00,node-a,22.08,65.2,24.03,17.78,0
2026-03-02 17:30:00,node-b,22.57,60.0,24.03,17.71,1
2026-03-02 17:30:00,node-c,22.20,51.2,25.04,18.21,0
2026-03-02 17:30:00, NODE-D ,22.73,55.9,25.30,18.28,1
2026-03-02 17:30:00,node-e,24.14,41.0,26.52,18.95,1
2026-03-02 17:30:00,node-f,23.73,60.2,26.85,20.18,0
2026-03-02 17:45:00,node-a,20.59,45.2,24.03,17.78,0
2026-03-02 17:45:00,node-b,22.51,59.3,24.03,17.71,1
2026-03-02 17:45:00,node-c,22.20,55.9,25.04,18.21,0
2026-03-02 17:45:00,node-d,24.18,56.8,25.30,18.28,0
2026-03-02 17:45:00,node-e,23.87,63.6,26.52,18.95,0
2026-03-02 17:45:00,node-f,,51.8,26.85,20.18,1
2026-03-02 18:00:00,node-a,21.40,58.4,24.03,17.78,0
2026-03-02 18:00:00,node-b,22.22,63.5,24.03,17.71,0
2026-03-02 18:00:00,node-c,23.13,68.0,25.04,18.21,0
2026-03-02 18:00:00,node-d,22.11,51.2,25.30,18.28,1
2026-03-02 18:00:00,node-e,23.88,62.9,26.52,18.95,1
2026-03-02 18:00:00,node-f,23.93,52.1,26.85,20.18,1
2026-03-02 18:15:00,node-a,21.58,58.9,24.03,17.78,0
2026-03-02 18:15:00,NODE-B,21.28,56.1,24.03,17.71,0
2026-03-02 18:15:00,node-c,20.89,53.7,25.04,18.21,0
2026-03-02 18:15:00,node-d,22.46,60.0,25.30,18.28,1
2026-03-02 18:15:00,node-e,23.94,50.8,26.52,18.95,1
2026-03-02 18:15:00,node-f,24.26,53.8,26.85,20.18,1
2026-03-02 18:30:00, NODE-A ,22.03,62.0,24.03,17.78,0
2026-03-02 18:30:00,node-b,22.42,54.6,24.03,17.71,0
2026-03-02 18:30:00,node-c,22.97,59.1,25.04,18.21,0
2026-03-02 18:30:00,node-d,22.58,68.3,25.30,18.28,0
2026-03-02 18:30:00,node-e,23.29,48.0,26.52,18.95,1
2026-03-02 18:30:00,node-f,24.76,41.3,26.85,20.18,1
2026-03-02 18:45:00,node-a,20.84,59.2,24.03,17.78,0
2026-03-02 18:45:00,node-b,21.73,59.4,24.03,17.71,0
2026-03-02 18:45:00,node-c,21.88,61.6,25.04,18.21,0
2026-03-02 18:45:00,node-d,22.58,51.5,25.30,18.28,0
2026-03-02 18:45:00,node-e,22.34,49.7,26.52,18.95,0
2026-03-02 18:45:00,node-f ,23.32,62.4,26.85,20.18,0
2026-03-02 19:00:00,node-a,21.46,59.3,24.03,17.78,0
2026-03-02 19:00:00,node-b,21.80,57.5,24.03,17.71,0
2026-03-02 19:00:00,node-c,22.48,72.3,25.04,18.21,0
2026-03-02 19:00:00,node-d,22.81,52.1,25.30,18.28,1
2026-03-02 19:00:00,NODE-E,22.84,66.9,26.52,18.95,1
2026-03-02 19:00:00,node-f,23.40,53.6,26.85,20.18,0
2026-03-02 19:15:00,node-a,21.04,59.0,24.03,17.78,0
2026-03-02 19:15:00,node-b,20.06,58.4,24.03,17.71,0
2026-03-02 19:15:00,node-c,21.78,63.6,25.04,18.21,0
2026-03-02 19:15:00,node-d,24.40,56.3,25.30,18.28,1
2026-03-02 19:15:00,node-e,23.60,54.4,26.52,18.95,1
2026-03-02 19:15:00,node-f,24.10,50.7,26.85,20.18,1
2026-03-02 19:30:00,node-a,21.86,73.0,24.03,17.78,0
2026-03-02 19:30:00,node-b,20.80,71.4,24.03,17.71,0
2026-03-02 19:30:00,node-c,22.72,57.5,25.04,18.21,0
2026-03-02 19:30:00,node-d,21.95,,25.30,18.28,0
2026-03-02 19:30:00,node-e,22.74,66.3,26.52,18.95,1
2026-03-02 19:30:00,node-f,23.57,47.7,26.85,20.18,1
2026-03-02 19:45:00,node-a,19.42,62.9,24.03,17.78,0
2026-03-02 19:45:00,node-b,21.59,65.7,24.03,17.71,0
2026-03-02 19:45:00,node-c ,21.62,62.2,25.04,18.21,0
2026-03-02 19:45:00,node-d,22.34,47.0,25.30,18.28,1
2026-03-02 19:45:00,node-e,22.14,65.2,26.52,18.95,0
2026-03-02 19:45:00,node-f,23.52,52.8,26.85,20.18,1
2026-03-02 20:00:00,node-a,19.51,57.6,24.03,17.78,0
2026-03-02 20:00:00, NODE-B ,20.86,64.6,24.03,17.71,0
2026-03-02 20:00:00, NODE-B ,20.86,64.6,24.03,17.71,0
2026-03-02 20:00:00,node-c,21.35,54.2,25.04,18.21,0
2026-03-02 20:00:00,node-d,21.98,58.0,25.30,18.28,0
2026-03-02 20:00:00,node-e,21.27,69.2,26.52,18.95,0
2026-03-02 20:00:00,node-f,,46.0,26.85,20.18,1
2026-03-02 20:15:00,node-a,20.58,77.6,24.03,17.78,0
2026-03-02 20:15:00,node-b,20.47,57.4,24.03,17.71,0
2026-03-02 20:15:00,node-c,21.37,64.0,25.04,18.21,0
2026-03-02 20:15:00,node-d,,41.5,25.30,18.28,0
2026-03-02 20:15:00,node-e,21.64,53.8,26.52,18.95,0
2026-03-02 20:15:00,node-f,22.90,47.5,26.85,20.18,0
2026-03-02 20:30:00,node-a,20.12,,24.03,17.78,0
2026-03-02 20:30:00,node-b,20.75,68.5,24.03,17.71,0
2026-03-02 20:30:00,node-c,20.24,56.5,25.04,18.21,0
2026-03-02 20:30:00,node-d,21.72,63.2,25.30,18.28,0
2026-03-02 20:30:00,node-e,22.99,64.6,26.52,18.95,1
2026-03-02 20:30:00,node-f ,,58.5,26.85,20.18,0
2026-03-02 20:45:00,node-a,20.55,70.8,24.03,17.78,0
2026-03-02 20:45:00,node-b,19.94,66.3,24.03,17.71,0
2026-03-02 20:45:00,node-c,21.05,54.7,25.04,18.21,0
2026-03-02 20:45:00,node-d,21.70,48.9,25.30,18.28,0
2026-03-02 20:45:00, NODE-E ,22.53,62.0,26.52,18.95,1
2026-03-02 20:45:00,node-f,23.49,64.4,26.85,20.18,1
2026-03-02 21:00:00,node-a,20.20,60.2,24.03,17.78,0
2026-03-02 21:00:00,node-b,20.07,70.9,24.03,17.71,0
2026-03-02 21:00:00,node-c,20.58,66.1,25.04,18.21,0
2026-03-02 21:00:00,node-d,21.94,60.9,25.30,18.28,0
2026-03-02 21:00:00,node-e,21.45,59.8,26.52,18.95,0
2026-03-02 21:00:00,node-f,22.21,64.8,26.85,20.18,0
2026-03-02 21:15:00,node-a,20.00,74.2,24.03,17.78,0
2026-03-02 21:15:00,node-b,20.16,63.3,24.03,17.71,0
2026-03-02 21:15:00,node-c,20.28,64.4,25.04,18.21,0
2026-03-02 21:15:00,node-d,20.72,55.2,25.30,18.28,0
2026-03-02 21:15:00,node-e,22.39,53.0,26.52,18.95,0
2026-03-02 21:15:00,node-f,20.81,53.3,26.85,20.18,0
2026-03-02 21:30:00,node-a,19.18,72.2,24.03,17.78,0
2026-03-02 21:30:00,node-b,20.33,65.7,24.03,17.71,0
2026-03-02 21:30:00,NODE-C,21.55,64.4,25.04,18.21,0
2026-03-02 21:30:00,node-d,20.54,53.8,25.30,18.28,0
2026-03-02 21:30:00,node-e,21.62,68.4,26.52,18.95,0
2026-03-02 21:30:00,node-f,22.59,64.7,26.85,20.18,1
2026-03-02 21:45:00,node-a,18.59,71.2,24.03,17.78,0
2026-03-02 21:45:00, NODE-B ,19.15,80.1,24.03,17.71,0
2026-03-02 21:45:00,node-c,20.35,58.9,25.04,18.21,0
2026-03-02 21:45:00,node-d,22.38,62.8,25.30,18.28,0
2026-03-02 21:45:00,node-d,22.38,62.8,25.30,18.28,0
2026-03-02 21:45:00,node-e,21.25,67.9,26.52,18.95,1
2026-03-02 21:45:00,node-f,22.36,59.4,26.85,20.18,0
2026-03-02 22:00:00,node-a,19.19,67.1,24.03,17.78,0
2026-03-02 22:00:00,node-b,19.92,72.2,24.03,17.71,0
2026-03-02 22:00:00,node-c,20.16,65.1,25.04,18.21,0
2026-03-02 22:00:00,node-c,20.16,65.1,25.04,18.21,0
2026-03-02 22:00:00,node-d,21.06,70.3,25.30,18.28,0
2026-03-02 22:00:00,node-e,21.05,67.6,26.52,18.95,0
2026-03-02 22:00:00,node-f,21.86,59.3,26.85,20.18,1
2026-03-02 22:15:00,node-a,19.46,73.8,24.03,17.78,0
2026-03-02 22:15:00,node-b,18.52,70.6,24.03,17.71,0
2026-03-02 22:15:00,node-c,20.29,65.9,25.04,18.21,0
2026-03-02 22:15:00,node-d,20.93,61.6,25.30,18.28,0
2026-03-02 22:15:00,node-e,20.69,65.7,26.52,18.95,0
2026-03-02 22:15:00,NODE-F,20.98,65.9,26.85,20.18,0
2026-03-02 22:30:00,node-a,19.14,71.0,24.03,17.78,0
2026-03-02 22:30:00,node-b,20.15,65.5,24.03,17.71,0
2026-03-02 22:30:00,node-b,20.15,65.5,24.03,17.71,0
2026-03-02 22:30:00,node-c,19.97,61.1,25.04,18.21,0
2026-03-02 22:30:00,node-d,20.89,80.5,25.30,18.28,0
2026-03-02 22:30:00, NODE-E ,20.22,69.5,26.52,18.95,0
2026-03-02 22:30:00,node-f,21.46,,26.85,20.18,0
2026-03-02 22:45:00,node-a,18.34,64.9,24.03,17.78,0
2026-03-02 22:45:00,node-b,18.01,78.5,24.03,17.71,0
2026-03-02 22:45:00,node-c,19.83,76.4,25.04,18.21,0
2026-03-02 22:45:00,node-d,20.23,65.5,25.30,18.28,0
2026-03-02 22:45:00,node-e,21.77,65.1,26.52,18.95,0
2026-03-02 22:45:00,node-f,20.98,62.9,26.85,20.18,0
2026-03-02 23:00:00,node-a,18.91,66.7,24.03,17.78,0
2026-03-02 23:00:00,node-b,19.33,76.7,24.03,17.71,0
2026-03-02 23:00:00,node-c,19.81,61.2,25.04,18.21,0
2026-03-02 23:00:00,node-d ,19.64,72.0,25.30,18.28,0
2026-03-02 23:00:00,node-e,20.82,60.5,26.52,18.95,0
2026-03-02 23:00:00,node-f,20.48,56.8,26.85,20.18,0
2026-03-02 23:15:00,node-a,,76.7,24.03,17.78,0
2026-03-02 23:15:00,node-b,19.81,72.8,24.03,17.71,0
2026-03-02 23:15:00,NODE-C,19.13,63.7,25.04,18.21,0
2026-03-02 23:15:00,node-d,18.85,60.4,25.30,18.28,0
2026-03-02 23:15:00,node-e,20.11,72.6,26.52,18.95,0
2026-03-02 23:15:00,node-f,20.59,58.7,26.85,20.18,0
2026-03-02 23:30:00,node-a,,78.0,24.03,17.78,0
2026-03-02 23:30:00,node-b,18.26,57.8,24.03,17.71,0
2026-03-02 23:30:00,node-c,18.51,72.9,25.04,18.21,0
2026-03-02 23:30:00,node-d,19.85,72.1,25.30,18.28,0
2026-03-02 23:30:00,node-e,20.44,63.8,26.52,18.95,0
2026-03-02 23:30:00,node-f,20.96,66.8,26.85,20.18,0
2026-03-02 23:45:00,node-a,18.08,,24.03,17.78,0
2026-03-02 23:45:00,node-b,18.37,69.8,24.03,17.71,0
2026-03-02 23:45:00,node-c,18.79,74.4,25.04,18.21,0
2026-03-02 23:45:00,node-d,19.07,55.0,25.30,18.28,0
2026-03-02 23:45:00,node-e,19.25,58.4,26.52,18.95,0
2026-03-02 23:45:00,node-f,20.59,66.1,26.85,20.18,0
2026-03-03 00:00:00,node-a ,18.29,80.3,23.33,15.92,0
2026-03-03 00:00:00,node-b,18.33,70.0,23.54,16.66,0
2026-03-03 00:00:00,node-c,19.01,65.9,24.97,17.12,0
2026-03-03 00:00:00,node-d,19.09,74.7,26.06,17.21,0
2026-03-03 00:00:00,node-e,19.37,59.8,25.97,17.99,0
2026-03-03 00:00:00, NODE-F ,20.57,68.0,26.77,17.96,0
2026-03-03 00:15:00,node-a,16.98,,23.33,15.92,0
2026-03-03 00:15:00,node-b,18.09,70.1,23.54,16.66,0
2026-03-03 00:15:00,node-c,19.28,74.9,24.97,17.12,0
2026-03-03 00:15:00,node-d,18.71,70.4,26.06,17.21,0
2026-03-03 00:15:00,node-e,19.50,62.7,25.97,17.99,0
2026-03-03 00:15:00,node-f,20.83,65.4,26.77,17.96,0
2026-03-03 00:30:00,node-a,17.53,81.3,23.33,15.92,0
2026-03-03 00:30:00,node-b,17.06,83.4,23.54,16.66,0
2026-03-03 00:30:00,node-c,18.46,79.7,24.97,17.12,0
2026-03-03 00:30:00,node-d,19.95,73.9,26.06,17.21,0
2026-03-03 00:30:00,node-e,19.09,70.7,25.97,17.99,0
2026-03-03 00:30:00,node-f,21.02,66.3,26.77,17.96,0
2026-03-03 00:45:00,node-a,17.82,73.6,23.33,15.92,0
2026-03-03 00:45:00,node-b,18.07,78.8,23.54,16.66,0
2026-03-03 00:45:00,node-c,18.79,89.5,24.97,17.12,0
2026-03-03 00:45:00,node-d ,18.44,64.7,26.06,17.21,0
2026-03-03 00:45:00,node-e,20.12,68.4,25.97,17.99,0
2026-03-03 00:45:00,node-f,21.40,67.4,26.77,17.96,0
2026-03-03 01:00:00,node-a,17.70,65.6,23.33,15.92,0
2026-03-03 01:00:00,node-b,17.43,77.3,23.54,16.66,0
2026-03-03 01:00:00, NODE-C ,18.88,76.9,24.97,17.12,0
2026-03-03 01:00:00,node-d,18.41,58.4,26.06,17.21,0
2026-03-03 01:00:00,node-e,19.99,51.9,25.97,17.99,0
2026-03-03 01:00:00,node-f,19.17,58.9,26.77,17.96,0
2026-03-03 01:15:00,node-a,16.22,77.5,23.33,15.92,0
2026-03-03 01:15:00,node-b,17.49,72.4,23.54,16.66,0
2026-03-03 01:15:00,node-c,17.70,84.9,24.97,17.12,0
2026-03-03 01:15:00,node-d,19.82,67.2,26.06,17.21,0
2026-03-03 01:15:00,node-e,18.34,72.0,25.97,17.99,0
2026-03-03 01:15:00,node-f,20.20,55.4,26.77,17.96,0
2026-03-03 01:30:00,node-a,17.39,73.6,23.33,15.92,0
2026-03-03 01:30:00,node-b,,86.1,23.54,16.66,0
2026-03-03 01:30:00,node-c,18.89,75.8,24.97,17.12,0
2026-03-03 01:30:00,node-d,17.51,69.3,26.06,17.21,0
2026-03-03 01:30:00,node-e,18.29,67.9,25.97,17.99,0
2026-03-03 01:30:00,node-f,20.32,63.7,26.77,17.96,0
2026-03-03 01:45:00,NODE-A,16.86,72.8,23.33,15.92,0
2026-03-03 01:45:00,node-b,16.96,76.9,23.54,16.66,0
2026-03-03 01:45:00,node-c,18.29,67.6,24.97,17.12,0
2026-03-03 01:45:00,node-d,19.36,65.4,26.06,17.21,0
2026-03-03 01:45:00,node-e,20.27,62.9,25.97,17.99,0
2026-03-03 01:45:00, NODE-F ,20.70,68.9,26.77,17.96,0
2026-03-03 02:00:00,node-a,16.66,,23.33,15.92,0
2026-03-03 02:00:00,node-b,16.98,69.2,23.54,16.66,0
2026-03-03 02:00:00,node-c,19.10,68.6,24.97,17.12,0
2026-03-03 02:00:00,node-d,18.53,65.5,26.06,17.21,0
2026-03-03 02:00:00,node-e,18.43,68.0,25.97,17.99,0
2026-03-03 02:00:00,node-f,20.19,76.1,26.77,17.96,0
2026-03-03 02:15:00,node-a,17.71,78.0,23.33,15.92,0
2026-03-03 02:15:00,node-b,18.61,77.9,23.54,16.66,0
2026-03-03 02:15:00,node-c,19.06,71.2,24.97,17.12,0
2026-03-03 02:15:00,node-d,18.84,70.8,26.06,17.21,0
2026-03-03 02:15:00,node-e,19.04,69.5,25.97,17.99,0
2026-03-03 02:15:00,node-f,18.26,79.7,26.77,17.96,0
2026-03-03 02:30:00,node-a,17.68,77.8,23.33,15.92,0
2026-03-03 02:30:00,node-b,,71.9,23.54,16.66,0
2026-03-03 02:30:00,node-c,18.05,80.8,24.97,17.12,0
2026-03-03 02:30:00,NODE-D,19.44,75.5,26.06,17.21,0
2026-03-03 02:30:00,node-e,19.50,73.2,25.97,17.99,0
2026-03-03 02:30:00,node-f,20.05,63.3,26.77,17.96,0
2026-03-03 02:45:00,node-a,17.73,81.9,23.33,15.92,0
2026-03-03 02:45:00,node-b,17.47,80.7,23.54,16.66,0
2026-03-03 02:45:00,node-b,17.47,80.7,23.54,16.66,0
2026-03-03 02:45:00, NODE-C ,18.61,64.0,24.97,17.12,0
2026-03-03 02:45:00,node-d,18.83,73.2,26.06,17.21,0
2026-03-03 02:45:00,node-e,19.23,71.4,25.97,17.99,0
2026-03-03 02:45:00,node-f,19.91,73.3,26.77,17.96,0
2026-03-03 03:00:00,node-a,16.97,74.3,23.33,15.92,0
2026-03-03 03:00:00,node-b,17.59,75.4,23.54,16.66,0
2026-03-03 03:00:00,node-c,17.42,74.6,24.97,17.12,0
2026-03-03 03:00:00,node-d,18.65,75.1,26.06,17.21,0
2026-03-03 03:00:00,node-e,,73.7,25.97,17.99,0
2026-03-03 03:00:00,node-f,19.97,71.6,26.77,17.96,0
2026-03-03 03:15:00,node-a,17.97,73.7,23.33,15.92,0
2026-03-03 03:15:00,node-b ,,73.2,23.54,16.66,0
2026-03-03 03:15:00,node-c,19.16,75.2,24.97,17.12,0
2026-03-03 03:15:00,node-c,19.16,75.2,24.97,17.12,0
2026-03-03 03:15:00,node-d,18.32,76.7,26.06,17.21,0
2026-03-03 03:15:00,node-e,19.17,65.1,25.97,17.99,0
2026-03-03 03:15:00,node-f,19.10,60.7,26.77,17.96,0
2026-03-03 03:30:00,NODE-A,17.62,73.5,23.33,15.92,0
2026-03-03 03:30:00,node-b,17.89,71.2,23.54,16.66,0
2026-03-03 03:30:00,node-c,18.97,80.2,24.97,17.12,0
2026-03-03 03:30:00,node-d,18.66,74.6,26.06,17.21,0
2026-03-03 03:30:00,node-e,20.60,66.7,25.97,17.99,0
2026-03-03 03:30:00,node-f,19.69,60.5,26.77,17.96,0
2026-03-03 03:45:00,node-a,,73.5,23.33,15.92,0
2026-03-03 03:45:00,node-b,18.16,70.7,23.54,16.66,0
2026-03-03 03:45:00,node-c,17.93,66.2,24.97,17.12,0
2026-03-03 03:45:00,node-d,19.11,69.6,26.06,17.21,0
2026-03-03 03:45:00,node-e,19.57,66.1,25.97,17.99,0
2026-03-03 03:45:00,node-f,20.48,,26.77,17.96,0
2026-03-03 04:00:00,node-a,17.41,92.7,23.33,15.92,0
2026-03-03 04:00:00,node-b,17.28,68.9,23.54,16.66,0
2026-03-03 04:00:00,node-c,19.99,60.5,24.97,17.12,0
2026-03-03 04:00:00,node-d,18.39,68.8,26.06,17.21,0
2026-03-03 04:00:00,node-d,18.39,68.8,26.06,17.21,0
2026-03-03 04:00:00,node-e ,19.44,73.3,25.97,17.99,0
2026-03-03 04:00:00,node-f,20.12,62.8,26.77,17.96,0
2026-03-03 04:15:00,node-a,16.72,82.6,23.33,15.92,0
2026-03-03 04:15:00,node-b,17.49,70.7,23.54,16.66,0
2026-03-03 04:15:00,node-c,17.56,77.3,24.97,17.12,0
2026-03-03 04:15:00, NODE-D ,19.04,69.7,26.06,17.21,0
2026-03-03 04:15:00,node-e,18.84,68.2,25.97,17.99,0
2026-03-03 04:15:00,node-f,21.20,69.1,26.77,17.96,0
2026-03-03 04:30:00,node-a,17.48,82.1,23.33,15.92,0
2026-03-03 04:30:00,node-b,18.42,67.9,23.54,16.66,0
2026-03-03 04:30:00,node-c,17.65,69.2,24.97,17.12,0
2026-03-03 04:30:00,node-d,18.97,75.6,26.06,17.21,0
2026-03-03 04:30:00,node-d,18.97,75.6,26.06,17.21,0
2026-03-03 04:30:00,node-e,19.96,54.2,25.97,17.99,0
2026-03-03 04:30:00,node-f,19.98,66.2,26.77,17.96,0
2026-03-03 04:45:00,node-a,18.36,77.1,23.33,15.92,0
2026-03-03 04:45:00,node-b,17.10,77.4,23.54,16.66,0
2026-03-03 04:45:00,node-c,19.20,84.6,24.97,17.12,0
2026-03-03 04:45:00,node-d,19.15,72.4,26.06,17.21,0
2026-03-03 04:45:00,node-e,18.50,67.0,25.97,17.99,0
2026-03-03 04:45:00,node-f,20.88,55.1,26.77,17.96,0
2026-03-03 05:00:00,node-a,18.53,80.7,23.33,15.92,0
2026-03-03 05:00:00,node-b ,18.15,65.7,23.54,16.66,0
2026-03-03 05:00:00,node-c,18.84,68.8,24.97,17.12,0
2026-03-03 05:00:00,node-d,19.23,73.2,26.06,17.21,0
2026-03-03 05:00:00,node-e,19.68,67.5,25.97,17.99,0
2026-03-03 05:00:00,node-f,19.61,,26.77,17.96,0
2026-03-03 05:15:00, NODE-A ,16.88,85.0,23.33,15.92,0
2026-03-03 05:15:00,node-b,17.12,73.2,23.54,16.66,0
2026-03-03 05:15:00,node-c,19.34,71.1,24.97,17.12,0
2026-03-03 05:15:00,node-d,18.38,69.0,26.06,17.21,0
2026-03-03 05:15:00,node-e,20.31,61.8,25.97,17.99,0
2026-03-03 05:15:00,node-f,20.08,61.0,26.77,17.96,0
2026-03-03 05:30:00,node-a,17.44,76.2,23.33,15.92,0
2026-03-03 05:30:00,node-b,18.86,73.6,23.54,16.66,0
2026-03-03 05:30:00,node-c,19.54,56.3,24.97,17.12,0
2026-03-03 05:30:00,node-d,18.17,57.5,26.06,17.21,0
2026-03-03 05:30:00,node-e,19.23,72.4,25.97,17.99,0
2026-03-03 05:30:00,node-f,21.28,53.8,26.77,17.96,0
2026-03-03 05:45:00,node-a,17.34,67.4,23.33,15.92,0
2026-03-03 05:45:00,node-b,17.96,82.3,23.54,16.66,0
2026-03-03 05:45:00,node-c,18.96,64.3,24.97,17.12,0
2026-03-03 05:45:00,node-d,20.28,68.9,26.06,17.21,0
2026-03-03 05:45:00,NODE-E,20.67,66.5,25.97,17.99,0
2026-03-03 05:45:00,node-f,20.45,62.2,26.77,17.96,0
2026-03-03 06:00:00,node-a,18.28,75.2,23.33,15.92,0
2026-03-03 06:00:00,node-b,18.71,72.8,23.54,16.66,0
2026-03-03 06:00:00,node-c,19.28,70.1,24.97,17.12,0
2026-03-03 06:00:00, NODE-D ,19.26,62.8,26.06,17.21,0
2026-03-03 06:00:00,node-e,19.84,59.8,25.97,17.99,0
2026-03-03 06:00:00,node-f,20.61,67.8,26.77,17.96,0
2026-03-03 06:00:00,node-f,20.61,67.8,26.77,17.96,0
2026-03-03 06:15:00,node-a,18.60,64.4,23.33,15.92,0
2026-03-03 06:15:00,node-b,,68.0,23.54,16.66,0
2026-03-03 06:15:00,node-c,19.74,74.8,24.97,17.12,0
2026-03-03 06:15:00,node-c,19.74,74.8,24.97,17.12,0
2026-03-03 06:15:00,node-d,18.92,76.2,26.06,17.21,0
2026-03-03 06:15:00,node-e,19.63,71.6,25.97,17.99,0
2026-03-03 06:15:00,node-f,19.42,59.9,26.77,17.96,0
2026-03-03 06:15:00,node-f,19.42,59.9,26.77,17.96,0
2026-03-03 06:30:00,node-a,18.30,75.6,23.33,15.92,0
2026-03-03 06:30:00,node-b,18.79,,23.54,16.66,0
2026-03-03 06:30:00,node-c,19.86,72.5,24.97,17.12,0
2026-03-03 06:30:00,node-d,19.81,75.0,26.06,17.21,0
2026-03-03 06:30:00,node-e,19.96,64.3,25.97,17.99,0
2026-03-03 06:30:00,node-f,21.68,61.1,26.77,17.96,0
2026-03-03 06:45:00,node-a,18.82,83.9,23.33,15.92,0
2026-03-03 06:45:00,NODE-B,18.55,56.2,23.54,16.66,0
2026-03-03 06:45:00,node-c,20.26,67.0,24.97,17.12,0
2026-03-03 06:45:00,node-d,20.19,71.7,26.06,17.21,0
2026-03-03 06:45:00,node-e,21.99,59.1,25.97,17.99,0
2026-03-03 06:45:00,node-f,20.62,60.1,26.77,17.96,0
2026-03-03 07:00:00, NODE-A ,18.79,,23.33,15.92,0
2026-03-03 07:00:00,node-b,18.34,67.4,23.54,16.66,0
2026-03-03 07:00:00,node-c,20.36,64.9,24.97,17.12,0
2026-03-03 07:00:00,node-d,20.44,57.6,26.06,17.21,0
2026-03-03 07:00:00,node-e,20.92,64.4,25.97,17.99,0
2026-03-03 07:00:00,node-e,20.92,64.4,25.97,17.99,0
2026-03-03 07:00:00,node-f,21.70,61.4,26.77,17.96,0
2026-03-03 07:15:00,node-a,17.96,69.2,23.33,15.92,0
2026-03-03 07:15:00,node-b,18.41,71.4,23.54,16.66,0
2026-03-03 07:15:00,node-c,20.52,75.4,24.97,17.12,0
2026-03-03 07:15:00,node-d,20.12,68.0,26.06,17.21,0
2026-03-03 07:15:00,node-e,20.49,65.1,25.97,17.99,0
2026-03-03 07:15:00,node-f ,22.35,62.5,26.77,17.96,0
2026-03-03 07:30:00,node-a,17.80,60.0,23.33,15.92,0
2026-03-03 07:30:00,node-b,18.89,59.9,23.54,16.66,0
2026-03-03 07:30:00,node-c,19.98,63.3,24.97,17.12,0
2026-03-03 07:30:00,node-d,20.38,77.2,26.06,17.21,0
2026-03-03 07:30:00,NODE-E,20.10,55.0,25.97,17.99,0
2026-03-03 07:30:00,node-f,21.36,66.8,26.77,17.96,0
2026-03-03 07:45:00,node-a,18.98,68.9,23.33,15.92,0
2026-03-03 07:45:00,node-b,19.37,62.7,23.54,16.66,0
2026-03-03 07:45:00,node-c,20.72,70.2,24.97,17.12,0
2026-03-03 07:45:00,node-d,19.81,65.1,26.06,17.21,0
2026-03-03 07:45:00,node-e,20.69,55.3,25.97,17.99,0
2026-03-03 07:45:00,node-f,21.98,64.0,26.77,17.96,0
2026-03-03 08:00:00,node-a,19.34,74.4,23.33,15.92,0
2026-03-03 08:00:00,node-b,19.26,60.6,23.54,16.66,0
2026-03-03 08:00:00,node-c,20.91,66.6,24.97,17.12,0
2026-03-03 08:00:00,node-d,21.22,65.0,26.06,17.21,0
2026-03-03 08:00:00,node-e,21.28,64.4,25.97,17.99,1
2026-03-03 08:00:00,node-f,21.31,61.3,26.77,17.96,0
2026-03-03 08:15:00,node-a,18.66,62.3,23.33,15.92,0
2026-03-03 08:15:00,node-a,18.66,62.3,23.33,15.92,0
2026-03-03 08:15:00,node-b,19.63,67.5,23.54,16.66,0
2026-03-03 08:15:00,node-c ,20.04,66.1,24.97,17.12,0
2026-03-03 08:15:00,node-d,21.72,66.3,26.06,17.21,0
2026-03-03 08:15:00,node-e,22.27,63.8,25.97,17.99,0
2026-03-03 08:15:00,node-f,,66.1,26.77,17.96,0
2026-03-03 08:30:00,node-a,19.02,71.8,23.33,15.92,0
2026-03-03 08:30:00, NODE-B ,19.45,62.2,23.54,16.66,0
2026-03-03 08:30:00,node-c,21.51,,24.97,17.12,0
2026-03-03 08:30:00,node-d,20.81,62.7,26.06,17.21,0
2026-03-03 08:30:00,node-e,22.15,50.8,25.97,17.99,0
2026-03-03 08:30:00,node-f,22.69,70.0,26.77,17.96,0
2026-03-03 08:45:00,node-a,19.36,60.6,23.33,15.92,0
2026-03-03 08:45:00,node-b,20.81,65.7,23.54,16.66,0
2026-03-03 08:45:00,node-c,19.81,68.8,24.97,17.12,0
2026-03-03 08:45:00,node-d,21.04,64.6,26.06,17.21,0
2026-03-03 08:45:00,node-e,20.79,56.9,25.97,17.99,0
2026-03-03 08:45:00,node-e,20.79,56.9,25.97,17.99,0
2026-03-03 08:45:00,node-f,22.58,55.4,26.77,17.96,1
2026-03-03 09:00:00,node-a,20.35,73.9,23.33,15.92,0
2026-03-03 09:00:00,node-b,,54.1,23.54,16.66,0
2026-03-03 09:00:00,node-c,21.13,,24.97,17.12,0
2026-03-03 09:00:00,node-d,21.93,59.8,26.06,17.21,0
2026-03-03 09:00:00,node-e,22.50,58.2,25.97,17.99,0
2026-03-03 09:00:00,node-f ,,59.9,26.77,17.96,1
2026-03-03 09:15:00,node-a,21.30,62.3,23.33,15.92,0
2026-03-03 09:15:00,node-b,20.99,61.6,23.54,16.66,0
2026-03-03 09:15:00,node-c,20.11,69.2,24.97,17.12,0
2026-03-03 09:15:00,node-d,22.12,66.4,26.06,17.21,0
2026-03-03 09:15:00, NODE-E ,23.03,58.5,25.97,17.99,1
2026-03-03 09:15:00,node-f,21.31,50.5,26.77,17.96,0
2026-03-03 09:30:00,node-a,19.58,70.5,23.33,15.92,0
2026-03-03 09:30:00,node-b,20.18,64.5,23.54,16.66,0
2026-03-03 09:30:00,node-c,21.45,56.9,24.97,17.12,0
2026-03-03 09:30:00,node-d,22.03,56.1,26.06,17.21,0
2026-03-03 09:30:00,node-e,21.61,55.7,25.97,17.99,1
2026-03-03 09:30:00,node-f,22.72,63.8,26.77,17.96,1
2026-03-03 09:45:00,node-a,20.72,74.1,23.33,15.92,0
2026-03-03 09:45:00,node-b,19.92,60.8,23.54,16.66,0
2026-03-03 09:45:00,node-c,23.46,63.8,24.97,17.12,0
2026-03-03 09:45:00,node-d,22.83,58.7,26.06,17.21,0
2026-03-03 09:45:00,node-e,23.07,57.7,25.97,17.99,1
2026-03-03 09:45:00,node-f,23.09,56.0,26.77,17.96,1
2026-03-03 10:00:00,node-a,19.95,65.7,23.33,15.92,0
2026-03-03 10:00:00,node-b,21.32,64.4,23.54,16.66,0
2026-03-03 10:00:00,NODE-C,21.09,69.1,24.97,17.12,0
2026-03-03 10:00:00,node-d,21.56,58.4,26.06,17.21,0
2026-03-03 10:00:00,node-e,22.26,55.7,25.97,17.99,1
2026-03-03 10:00:00,node-f,23.32,53.7,26.77,17.96,1
2026-03-03 10:15:00,node-a,21.02,72.2,23.33,15.92,0
2026-03-03 10:15:00, NODE-B ,20.66,66.3,23.54,16.66,0
2026-03-03 10:15:00,node-c,21.38,53.3,24.97,17.12,0
2026-03-03 10:15:00,node-d,23.01,56.1,26.06,17.21,1
2026-03-03 10:15:00,node-e,23.91,54.0,25.97,17.99,1
2026-03-03 10:15:00,node-f,23.04,59.9,26.77,17.96,1
2026-03-03 10:30:00,node-a,20.38,66.2,23.33,15.92,0
2026-03-03 10:30:00,node-b,20.20,63.6,23.54,16.66,0
2026-03-03 10:30:00,node-c,21.28,58.8,24.97,17.12,0
2026-03-03 10:30:00,node-d,22.17,59.4,26.06,17.21,0
2026-03-03 10:30:00,node-e,22.83,54.1,25.97,17.99,1
2026-03-03 10:30:00,node-f,22.85,38.4,26.77,17.96,1
2026-03-03 10:45:00,node-a,20.18,70.1,23.33,15.92,0
2026-03-03 10:45:00,node-b,20.91,60.7,23.54,16.66,0
2026-03-03 10:45:00,node-c,22.68,55.6,24.97,17.12,1
2026-03-03 10:45:00,node-d,23.65,54.4,26.06,17.21,1
2026-03-03 10:45:00,node-e,23.39,46.0,25.97,17.99,1
2026-03-03 10:45:00,NODE-F,23.31,50.6,26.77,17.96,0
2026-03-03 11:00:00,node-a,20.75,58.5,23.33,15.92,0
2026-03-03 11:00:00,node-b,22.49,64.4,23.54,16.66,0
2026-03-03 11:00:00,node-c,21.55,60.8,24.97,17.12,1
2026-03-03 11:00:00,node-d,22.82,61.6,26.06,17.21,1
2026-03-03 11:00:00, NODE-E ,22.78,56.7,25.97,17.99,0
2026-03-03 11:00:00,node-f,23.61,50.0,26.77,17.96,1
2026-03-03 11:15:00,node-a,20.85,53.2,23.33,15.92,0
2026-03-03 11:15:00,node-b,21.96,60.1,23.54,16.66,0
2026-03-03 11:15:00,node-c,21.64,60.0,24.97,17.12,0
2026-03-03 11:15:00,node-d,23.46,51.6,26.06,17.21,1
2026-03-03 11:15:00,node-e,23.44,42.4,25.97,17.99,1
2026-03-03 11:15:00,node-f,24.95,52.0,26.77,17.96,1
2026-03-03 11:30:00,node-a,21.68,70.3,23.33,15.92,0
2026-03-03 11:30:00,node-b,23.16,73.8,23.54,16.66,0
2026-03-03 11:30:00,node-c,22.43,54.6,24.97,17.12,0
2026-03-03 11:30:00,node-d ,,49.2,26.06,17.21,1
2026-03-03 11:30:00,node-e,23.36,51.0,25.97,17.99,1
2026-03-03 11:30:00,node-f,25.10,40.3,26.77,17.96,1
2026-03-03 11:45:00,node-a,21.13,63.5,23.33,15.92,0
2026-03-03 11:45:00,node-b,22.33,52.0,23.54,16.66,0
2026-03-03 11:45:00,NODE-C,23.34,70.0,24.97,17.12,0
2026-03-03 11:45:00,node-d,25.04,55.4,26.06,17.21,1
2026-03-03 11:45:00,node-e,22.90,43.7,25.97,17.99,1
2026-03-03 11:45:00,node-f,23.54,47.8,26.77,17.96,1
2026-03-03 12:00:00,node-a,21.84,50.0,23.33,15.92,0
2026-03-03 12:00:00,node-b,,45.1,23.54,16.66,0
2026-03-03 12:00:00,node-c,21.80,50.2,24.97,17.12,1
2026-03-03 12:00:00,node-d,22.93,48.6,26.06,17.21,1
2026-03-03 12:00:00,node-e,23.86,54.5,25.97,17.99,0
2026-03-03 12:00:00,node-f,24.66,45.3,26.77,17.96,1
2026-03-03 12:15:00,node-a,21.73,58.2,23.33,15.92,0
2026-03-03 12:15:00,node-b,22.82,54.8,23.54,16.66,0
2026-03-03 12:15:00,node-c,22.55,47.9,24.97,17.12,0
2026-03-03 12:15:00,node-d,23.09,60.5,26.06,17.21,1
2026-03-03 12:15:00,node-e,23.67,50.8,25.97,17.99,1
2026-03-03 12:15:00,node-f,24.14,44.1,26.77,17.96,1
2026-03-03 12:30:00,node-a ,21.43,58.7,23.33,15.92,0
2026-03-03 12:30:00,node-b,,68.2,23.54,16.66,0
2026-03-03 12:30:00,node-c,22.57,61.4,24.97,17.12,0
2026-03-03 12:30:00,node-d,22.74,49.6,26.06,17.21,1
2026-03-03 12:30:00,node-e,22.65,46.8,25.97,17.99,0
2026-03-03 12:30:00, NODE-F ,24.30,35.6,26.77,17.96,1
2026-03-03 12:45:00,node-a,21.47,55.8,23.33,15.92,0
2026-03-03 12:45:00,node-b,22.56,61.2,23.54,16.66,0
2026-03-03 12:45:00,node-c,23.47,49.2,24.97,17.12,1
2026-03-03 12:45:00,node-d,25.04,50.0,26.06,17.21,1
2026-03-03 12:45:00,node-e,25.06,62.7,25.97,17.99,1
2026-03-03 12:45:00,node-f,24.27,50.7,26.77,17.96,1
2026-03-03 13:00:00,node-a,22.97,65.7,23.33,15.92,0
2026-03-03 13:00:00,node-b,22.66,52.5,23.54,16.66,0
2026-03-03 13:00:00,node-c,24.01,53.0,24.97,17.12,1
2026-03-03 13:00:00,node-d,24.01,45.3,26.06,17.21,1
2026-03-03 13:00:00,node-e,23.84,43.6,25.97,17.99,1
2026-03-03 13:00:00,node-f,24.85,48.0,26.77,17.96,1
2026-03-03 13:15:00,node-a,22.22,60.7,23.33,15.92,0
2026-03-03 13:15:00,node-b,21.67,71.5,23.54,16.66,0
2026-03-03 13:15:00,node-c,24.39,57.3,24.97,17.12,0
2026-03-03 13:15:00,node-d ,23.30,,26.06,17.21,1
2026-03-03 13:15:00,node-e,25.52,51.4,25.97,17.99,1
2026-03-03 13:15:00,node-f,24.86,48.5,26.77,17.96,1
2026-03-03 13:30:00,node-a,22.38,56.4,23.33,15.92,0
2026-03-03 13:30:00,node-b,22.52,51.2,23.54,16.66,0
2026-03-03 13:30:00, NODE-C ,24.61,51.9,24.97,17.12,1
2026-03-03 13:30:00,node-d,23.30,54.3,26.06,17.21,1
2026-03-03 13:30:00,node-e,24.94,56.5,25.97,17.99,1
2026-03-03 13:30:00,node-f,24.35,51.9,26.77,17.96,1
2026-03-03 13:45:00,node-a,22.72,64.3,23.33,15.92,0
2026-03-03 13:45:00,node-b,22.70,57.1,23.54,16.66,0
2026-03-03 13:45:00,node-c,22.12,51.8,24.97,17.12,0
2026-03-03 13:45:00,node-d,24.38,47.5,26.06,17.21,1
2026-03-03 13:45:00,node-e,24.10,56.3,25.97,17.99,1
2026-03-03 13:45:00,node-f,23.75,49.4,26.77,17.96,1
2026-03-03 14:00:00,node-a,22.03,59.9,23.33,15.92,0
2026-03-03 14:00:00,node-b,22.81,57.8,23.54,16.66,0
2026-03-03 14:00:00,node-c,23.70,53.0,24.97,17.12,1
2026-03-03 14:00:00,node-d,23.57,51.1,26.06,17.21,0
2026-03-03 14:00:00,node-e,23.38,46.5,25.97,17.99,1
2026-03-03 14:00:00,node-f,25.05,53.4,26.77,17.96,1
2026-03-03 14:15:00,NODE-A,22.44,44.4,23.33,15.92,0
2026-03-03 14:15:00,node-b,21.59,71.9,23.54,16.66,0
2026-03-03 14:15:00,node-c,23.44,51.6,24.97,17.12,0
2026-03-03 14:15:00,node-d,25.05,52.0,26.06,17.21,1
2026-03-03 14:15:00,node-e,23.69,61.5,25.97,17.99,0
2026-03-03 14:15:00, NODE-F ,25.08,52.2,26.77,17.96,1
2026-03-03 14:30:00,node-a,22.83,67.1,23.33,15.92,0
2026-03-03 14:30:00,node-b,22.77,59.2,23.54,16.66,0
2026-03-03 14:30:00,node-c,24.58,60.9,24.97,17.12,0
2026-03-03 14:30:00,node-d,23.42,48.9,26.06,17.21,1
2026-03-03 14:30:00,node-e,24.30,,25.97,17.99,1
2026-03-03 14:30:00,node-f,25.69,44.8,26.77,17.96,1
2026-03-03 14:45:00,node-a,22.21,62.1,23.33,15.92,0
2026-03-03 14:45:00,node-b,22.14,75.8,23.54,16.66,0
2026-03-03 14:45:00,node-c,,43.0,24.97,17.12,0
2026-03-03 14:45:00,node-d,23.93,42.7,26.06,17.21,1
2026-03-03 14:45:00,node-e,,41.3,25.97,17.99,1
2026-03-03 14:45:00,node-f,25.57,51.0,26.77,17.96,1
2026-03-03 15:00:00,node-a,22.16,45.5,23.33,15.92,0
2026-03-03 15:00:00,node-b,21.49,60.6,23.54,16.66,0
2026-03-03 15:00:00,node-c,23.19,47.3,24.97,17.12,0
2026-03-03 15:00:00,NODE-D,24.01,39.5,26.06,17.21,1
2026-03-03 15:00:00,node-e,24.83,45.9,25.97,17.99,1
2026-03-03 15:00:00,node-f,26.47,51.2,26.77,17.96,1
2026-03-03 15:15:00,node-a,23.03,63.5,23.33,15.92,0
2026-03-03 15:15:00,node-b,23.24,45.5,23.54,16.66,1
2026-03-03 15:15:00, NODE-C ,22.43,55.2,24.97,17.12,0
2026-03-03 15:15:00,node-d,25.76,55.6,26.06,17.21,1
2026-03-03 15:15:00,node-e,24.23,39.2,25.97,17.99,0
2026-03-03 15:15:00,node-f,24.57,,26.77,17.96,1
2026-03-03 15:30:00,node-a,22.45,58.6,23.33,15.92,0
2026-03-03 15:30:00,node-b,21.99,,23.54,16.66,0
2026-03-03 15:30:00,node-c,23.72,59.3,24.97,17.12,0
2026-03-03 15:30:00,node-d,23.45,45.2,26.06,17.21,0
2026-03-03 15:30:00,node-e,24.54,,25.97,17.99,1
2026-03-03 15:30:00,node-f,24.97,45.9,26.77,17.96,1
2026-03-03 15:45:00,node-a,21.89,53.2,23.33,15.92,0
2026-03-03 15:45:00,node-b ,22.12,59.0,23.54,16.66,0
2026-03-03 15:45:00,node-c,24.39,54.9,24.97,17.12,1
2026-03-03 15:45:00,node-d,23.71,43.2,26.06,17.21,1
2026-03-03 15:45:00,node-e,24.66,49.6,25.97,17.99,1
2026-03-03 15:45:00,node-f,24.76,48.0,26.77,17.96,1
2026-03-03 16:00:00,NODE-A,22.25,47.1,23.33,15.92,0
2026-03-03 16:00:00,node-b,21.46,57.9,23.54,16.66,0
2026-03-03 16:00:00,node-c,23.21,43.2,24.97,17.12,1
2026-03-03 16:00:00,node-d,24.00,61.5,26.06,17.21,0
2026-03-03 16:00:00,node-e,24.55,52.9,25.97,17.99,1
2026-03-03 16:00:00,node-f,24.79,40.9,26.77,17.96,1
2026-03-03 16:15:00,node-a,21.96,49.9,23.33,15.92,0
2026-03-03 16:15:00,node-b,22.96,64.5,23.54,16.66,1
2026-03-03 16:15:00,node-c,22.83,,24.97,17.12,0
2026-03-03 16:15:00,node-d,23.95,45.6,26.06,17.21,1
2026-03-03 16:15:00,node-e,24.68,52.7,25.97,17.99,1
2026-03-03 16:15:00,node-f,25.57,31.1,26.77,17.96,1
2026-03-03 16:30:00,node-a,21.67,50.4,23.33,15.92,0
2026-03-03 16:30:00,node-b,22.91,48.4,23.54,16.66,0
2026-03-03 16:30:00,node-c,22.88,53.9,24.97,17.12,0
2026-03-03 16:30:00,node-d,22.99,53.3,26.06,17.21,1
2026-03-03 16:30:00,node-e ,24.50,42.8,25.97,17.99,1
2026-03-03 16:30:00,node-f,23.40,29.7,26.77,17.96,1
2026-03-03 16:45:00,node-a,21.47,55.9,23.33,15.92,1
2026-03-03 16:45:00,node-b,21.81,39.9,23.54,16.66,0
2026-03-03 16:45:00,node-c,23.23,55.1,24.97,17.12,0
2026-03-03 16:45:00, NODE-D ,24.65,53.2,26.06,17.21,1
2026-03-03 16:45:00,node-e,24.71,38.9,25.97,17.99,1
2026-03-03 16:45:00,node-f,24.70,55.3,26.77,17.96,1
2026-03-03 17:00:00,node-a,21.28,66.0,23.33,15.92,0
2026-03-03 17:00:00,node-b,22.15,56.2,23.54,16.66,0
2026-03-03 17:00:00,node-c,24.10,53.5,24.97,17.12,1
2026-03-03 17:00:00,node-d,22.78,58.8,26.06,17.21,0
2026-03-03 17:00:00,node-e,23.31,54.5,25.97,17.99,1
2026-03-03 17:00:00,node-f,24.81,40.6,26.77,17.96,1
2026-03-03 17:15:00,node-a,21.76,65.5,23.33,15.92,0
2026-03-03 17:15:00,node-a,21.76,65.5,23.33,15.92,0
2026-03-03 17:15:00,node-b,21.91,56.8,23.54,16.66,0
2026-03-03 17:15:00,node-c,23.11,61.2,24.97,17.12,0
2026-03-03 17:15:00,node-d,23.40,53.9,26.06,17.21,0
2026-03-03 17:15:00,node-e,24.67,49.0,25.97,17.99,1
2026-03-03 17:15:00,node-f,25.21,50.2,26.77,17.96,1
2026-03-03 17:30:00,node-a,19.71,65.9,23.33,15.92,0
2026-03-03 17:30:00,node-b ,22.43,56.3,23.54,16.66,0
2026-03-03 17:30:00,node-c,23.95,41.8,24.97,17.12,1
2026-03-03 17:30:00,node-d,23.33,52.1,26.06,17.21,0
2026-03-03 17:30:00,node-e,24.25,50.6,25.97,17.99,1
2026-03-03 17:30:00,node-f,23.35,39.8,26.77,17.96,1
2026-03-03 17:45:00, NODE-A ,20.99,55.3,23.33,15.92,0
2026-03-03 17:45:00,node-b,21.00,48.9,23.54,16.66,0
2026-03-03 17:45:00,node-c,24.67,47.2,24.97,17.12,1
2026-03-03 17:45:00,node-d,24.05,56.5,26.06,17.21,1
2026-03-03 17:45:00,node-e,25.67,50.5,25.97,17.99,1
2026-03-03 17:45:00,node-f,25.56,40.8,26.77,17.96,1
2026-03-03 18:00:00,node-a,21.19,61.0,23.33,15.92,0
2026-03-03 18:00:00,node-b,23.02,65.1,23.54,16.66,0
2026-03-03 18:00:00,node-c,22.11,57.1,24.97,17.12,0
2026-03-03 18:00:00,node-d,23.14,63.6,26.06,17.21,0
2026-03-03 18:00:00,node-e,23.12,47.1,25.97,17.99,1
2026-03-03 18:00:00,node-f,25.66,55.3,26.77,17.96,1
2026-03-03 18:15:00,node-a,21.77,53.7,23.33,15.92,0
2026-03-03 18:15:00,node-b,23.23,50.4,23.54,16.66,0
2026-03-03 18:15:00,node-c,22.37,62.8,24.97,17.12,0
2026-03-03 18:15:00,node-d,23.40,54.9,26.06,17.21,1
2026-03-03 18:15:00,NODE-E,,50.2,25.97,17.99,1
2026-03-03 18:15:00,node-f,25.22,56.9,26.77,17.96,1
2026-03-03 18:30:00,node-a,22.42,69.9,23.33,15.92,0
2026-03-03 18:30:00,node-b,21.75,56.4,23.54,16.66,0
2026-03-03 18:30:00,node-c,21.90,47.2,24.97,17.12,0
2026-03-03 18:30:00, NODE-D ,22.22,56.0,26.06,17.21,1
2026-03-03 18:30:00,node-e,24.08,57.4,25.97,17.99,1
2026-03-03 18:30:00,node-f,23.84,47.0,26.77,17.96,1
2026-03-03 18:45:00,node-a,21.19,57.1,23.33,15.92,0
2026-03-03 18:45:00,node-b,22.46,52.7,23.54,16.66,0
2026-03-03 18:45:00,node-c,21.17,55.7,24.97,17.12,0
2026-03-03 18:45:00,node-d,22.69,57.1,26.06,17.21,1
2026-03-03 18:45:00,node-e,22.44,53.6,25.97,17.99,0
2026-03-03 18:45:00,node-f,23.85,53.3,26.77,17.96,1
2026-03-03 19:00:00,node-a,21.86,55.4,23.33,15.92,0
2026-03-03 19:00:00,node-b,21.95,56.9,23.54,16.66,0
2026-03-03 19:00:00,node-c,21.59,54.8,24.97,17.12,1
2026-03-03 19:00:00,node-d,23.78,59.7,26.06,17.21,1
2026-03-03 19:00:00,node-e,22.68,55.9,25.97,17.99,1
2026-03-03 19:00:00,node-f,24.58,53.5,26.77,17.96,1
2026-03-03 19:15:00,node-a,20.23,55.4,23.33,15.92,0
2026-03-03 19:15:00,NODE-B,22.08,65.7,23.54,16.66,0
2026-03-03 19:15:00,node-c,20.64,62.5,24.97,17.12,0
2026-03-03 19:15:00,node-d,21.97,63.3,26.06,17.21,0
2026-03-03 19:15:00,node-e,24.63,51.2,25.97,17.99,1
2026-03-03 19:15:00,node-f,23.90,68.7,26.77,17.96,1
2026-03-03 19:30:00, NODE-A ,21.14,67.1,23.33,15.92,0
2026-03-03 19:30:00,node-b,21.02,57.9,23.54,16.66,0
2026-03-03 19:30:00,node-c,21.18,,24.97,17.12,0
2026-03-03 19:30:00,node-d,23.34,53.2,26.06,17.21,1
2026-03-03 19:30:00,node-e,23.96,63.0,25.97,17.99,1
2026-03-03 19:30:00,node-f,22.51,44.6,26.77,17.96,1
2026-03-03 19:45:00,node-a,19.33,,23.33,15.92,0
2026-03-03 19:45:00,node-b,21.38,56.0,23.54,16.66,0
2026-03-03 19:45:00,node-b,21.38,56.0,23.54,16.66,0
2026-03-03 19:45:00,node-c,21.88,61.5,24.97,17.12,0
2026-03-03 19:45:00,node-d,21.96,54.3,26.06,17.21,1
2026-03-03 19:45:00,node-e,22.38,56.6,25.97,17.99,0
2026-03-03 19:45:00,node-f ,23.74,57.3,26.77,17.96,1
2026-03-03 20:00:00,node-a,21.04,70.7,23.33,15.92,0
2026-03-03 20:00:00,node-b,21.46,55.6,23.54,16.66,0
2026-03-03 20:00:00,node-c,21.11,59.1,24.97,17.12,0
2026-03-03 20:00:00,node-d,21.52,62.6,26.06,17.21,0
2026-03-03 20:00:00,NODE-E,22.72,62.0,25.97,17.99,1
2026-03-03 20:00:00,node-f,23.75,48.6,26.77,17.96,1
2026-03-03 20:15:00,node-a,20.94,72.0,23.33,15.92,0
2026-03-03 20:15:00,node-b,,66.1,23.54,16.66,0
2026-03-03 20:15:00,node-c,23.41,64.0,24.97,17.12,0
2026-03-03 20:15:00,node-d,21.76,67.3,26.06,17.21,0
2026-03-03 20:15:00,node-e,23.63,41.4,25.97,17.99,1
2026-03-03 20:15:00,node-f,22.40,50.6,26.77,17.96,1
2026-03-03 20:30:00,node-a,19.31,53.0,23.33,15.92,0
2026-03-03 20:30:00,node-b,19.96,66.4,23.54,16.66,0
2026-03-03 20:30:00,node-c,20.18,57.4,24.97,17.12,0
2026-03-03 20:30:00,node-d,21.67,57.5,26.06,17.21,1
2026-03-03 20:30:00,node-e,21.84,58.8,25.97,17.99,0
2026-03-03 20:30:00,node-f,23.02,50.0,26.77,17.96,1
2026-03-03 20:45:00,node-a,20.23,,23.33,15.92,0
2026-03-03 20:45:00,node-b,20.33,79.2,23.54,16.66,0
2026-03-03 20:45:00,node-b,20.33,79.2,23.54,16.66,0
2026-03-03 20:45:00,node-c ,20.72,65.9,24.97,17.12,0
2026-03-03 20:45:00,node-d,21.92,56.6,26.06,17.21,1
2026-03-03 20:45:00,node-e,23.11,54.0,25.97,17.99,0
2026-03-03 20:45:00,node-f,22.93,50.1,26.77,17.96,1
2026-03-03 21:00:00,node-a,19.94,65.8,23.33,15.92,0
2026-03-03 21:00:00, NODE-B ,20.52,73.7,23.54,16.66,0
2026-03-03 21:00:00,node-c,21.26,68.5,24.97,17.12,0
2026-03-03 21:00:00,node-d,20.96,60.8,26.06,17.21,1
2026-03-03 21:00:00,node-e,20.91,61.5,25.97,17.99,0
2026-03-03 21:00:00,node-f,22.80,51.9,26.77,17.96,1
2026-03-03 21:15:00,node-a,19.52,,23.33,15.92,0
2026-03-03 21:15:00,node-b,19.69,62.8,23.54,16.66,0
2026-03-03 21:15:00,node-c,20.29,69.8,24.97,17.12,0
2026-03-03 21:15:00,node-d,20.14,73.5,26.06,17.21,0
2026-03-03 21:15:00,node-e,22.33,57.5,25.97,17.99,1
2026-03-03 21:15:00,node-f,22.18,60.5,26.77,17.96,0
2026-03-03 21:30:00,node-a,19.83,70.9,23.33,15.92,0
2026-03-03 21:30:00,node-b,20.93,71.1,23.54,16.66,0
2026-03-03 21:30:00,node-c,19.80,73.5,24.97,17.12,0
2026-03-03 21:30:00,node-d,20.80,62.9,26.06,17.21,0
2026-03-03 21:30:00,node-e,20.73,66.6,25.97,17.99,0
2026-03-03 21:30:00,node-f ,21.76,63.7,26.77,17.96,0
2026-03-03 21:45:00,node-a,19.38,59.9,23.33,15.92,0
2026-03-03 21:45:00,node-b,20.42,75.7,23.54,16.66,0
2026-03-03 21:45:00,node-c,19.06,65.9,24.97,17.12,0
2026-03-03 21:45:00,node-d,20.21,72.6,26.06,17.21,0
2026-03-03 21:45:00, NODE-E ,20.54,64.8,25.97,17.99,0
2026-03-03 21:45:00,node-f,22.63,53.1,26.77,17.96,1
2026-03-03 22:00:00,node-a,18.80,74.2,23.33,15.92,0
2026-03-03 22:00:00,node-b,19.97,67.0,23.54,16.66,0
2026-03-03 22:00:00,node-c,20.19,56.9,24.97,17.12,0
2026-03-03 22:00:00,node-d,21.60,67.6,26.06,17.21,0
2026-03-03 22:00:00,node-e,20.79,65.8,25.97,17.99,0
2026-03-03 22:00:00,node-f,21.94,59.0,26.77,17.96,0
2026-03-03 22:15:00,node-a,18.63,74.0,23.33,15.92,0
2026-03-03 22:15:00,node-b,20.03,62.3,23.54,16.66,0
2026-03-03 22:15:00,node-c,20.93,68.6,24.97,17.12,0
2026-03-03 22:15:00,node-d,19.57,,26.06,17.21,0
2026-03-03 22:15:00,node-e,20.05,62.5,25.97,17.99,0
2026-03-03 22:15:00,node-f,20.98,59.5,26.77,17.96,0
2026-03-03 22:30:00,node-a,19.76,71.5,23.33,15.92,0
2026-03-03 22:30:00,node-b,19.37,69.8,23.54,16.66,0
2026-03-03 22:30:00,NODE-C,19.00,68.2,24.97,17.12,0
2026-03-03 22:30:00,node-d,20.73,68.0,26.06,17.21,0
2026-03-03 22:30:00,node-d,20.73,68.0,26.06,17.21,0
2026-03-03 22:30:00,node-e,20.27,,25.97,17.99,0
2026-03-03 22:30:00,node-f,21.81,52.6,26.77,17.96,0
2026-03-03 22:30:00,node-f,21.81,52.6,26.77,17.96,0
2026-03-03 22:45:00,node-a,18.79,78.7,23.33,15.92,0
2026-03-03 22:45:00, NODE-B ,18.31,84.8,23.54,16.66,0
2026-03-03 22:45:00,node-c,19.97,71.3,24.97,17.12,0
2026-03-03 22:45:00,node-d,19.81,69.3,26.06,17.21,0
2026-03-03 22:45:00,node-e,20.21,62.0,25.97,17.99,0
2026-03-03 22:45:00,node-f,20.69,56.4,26.77,17.96,0
2026-03-03 23:00:00,node-a,18.20,78.9,23.33,15.92,0
2026-03-03 23:00:00,node-b,19.12,,23.54,16.66,0
2026-03-03 23:00:00,node-c,20.27,65.1,24.97,17.12,0
2026-03-03 23:00:00,node-d,19.57,55.0,26.06,17.21,0
2026-03-03 23:00:00,node-e,20.89,80.2,25.97,17.99,0
2026-03-03 23:00:00,node-f,20.89,50.3,26.77,17.96,0
2026-03-03 23:15:00,node-a,18.21,73.8,23.33,15.92,0
2026-03-03 23:15:00,node-b,18.60,70.0,23.54,16.66,0
2026-03-03 23:15:00,node-c,19.07,77.5,24.97,17.12,0
2026-03-03 23:15:00,node-d,19.77,,26.06,17.21,0
2026-03-03 23:15:00,node-e,21.44,54.5,25.97,17.99,1
2026-03-03 23:15:00,NODE-F,20.14,71.0,26.77,17.96,0
2026-03-03 23:30:00,node-a,17.68,73.7,23.33,15.92,0
2026-03-03 23:30:00,node-b,19.00,63.5,23.54,16.66,0
2026-03-03 23:30:00,node-c,18.68,84.9,24.97,17.12,0
2026-03-03 23:30:00,node-d,20.51,75.7,26.06,17.21,0
2026-03-03 23:30:00, NODE-E ,20.47,64.2,25.97,17.99,0
2026-03-03 23:30:00,node-f,21.27,58.9,26.77,17.96,0
2026-03-03 23:45:00,node-a,18.87,71.7,23.33,15.92,0
2026-03-03 23:45:00,node-b,,69.2,23.54,16.66,0
2026-03-03 23:45:00,node-c,19.97,,24.97,17.12,0
2026-03-03 23:45:00,node-d,19.26,62.3,26.06,17.21,0
2026-03-03 23:45:00,node-e,19.40,68.1,25.97,17.99,0
2026-03-03 23:45:00,node-f,19.79,73.0,26.77,17.96,0
2026-03-04 00:00:00,node-a,18.25,78.1,23.41,15.93,0
2026-03-04 00:00:00,node-b,18.70,85.0,24.53,16.42,0
2026-03-04 00:00:00,node-c,19.42,67.2,24.88,16.78,0
2026-03-04 00:00:00,node-d ,19.70,59.2,25.13,17.51,0
2026-03-04 00:00:00,node-e,19.10,62.4,26.25,17.94,0
2026-03-04 00:00:00,node-f,19.09,77.6,26.48,18.36,0
2026-03-04 00:15:00,node-a,18.06,72.5,23.41,15.93,0
2026-03-04 00:15:00,node-b,19.05,65.0,24.53,16.42,0
2026-03-04 00:15:00,NODE-C,19.62,72.2,24.88,16.78,0
2026-03-04 00:15:00,node-d,19.25,67.9,25.13,17.51,0
2026-03-04 00:15:00,node-e,20.05,69.6,26.25,17.94,0
2026-03-04 00:15:00,node-f,20.27,67.1,26.48,18.36,0
2026-03-04 00:30:00,node-a,17.85,74.2,23.41,15.93,0
2026-03-04 00:30:00,node-b,19.02,74.4,24.53,16.42,0
2026-03-04 00:30:00,node-c,17.85,68.0,24.88,16.78,0
2026-03-04 00:30:00,node-d,18.13,60.8,25.13,17.51,0
2026-03-04 00:30:00,node-e,20.13,54.0,26.25,17.94,0
2026-03-04 00:30:00,node-f,19.39,68.3,26.48,18.36,0
2026-03-04 00:45:00,node-a,17.25,83.0,23.41,15.93,0
2026-03-04 00:45:00,node-b,17.50,66.7,24.53,16.42,0
2026-03-04 00:45:00,node-c,19.66,74.1,24.88,16.78,0
2026-03-04 00:45:00,node-d,18.74,57.2,25.13,17.51,0
2026-03-04 00:45:00,node-e,20.06,67.6,26.25,17.94,0
2026-03-04 00:45:00,node-f,19.93,,26.48,18.36,0
2026-03-04 01:00:00,node-a ,17.19,77.7,23.41,15.93,0
2026-03-04 01:00:00,node-b,17.47,63.0,24.53,16.42,0
2026-03-04 01:00:00,node-c,17.76,80.9,24.88,16.78,0
2026-03-04 01:00:00,node-c,17.76,80.9,24.88,16.78,0
2026-03-04 01:00:00,node-d,19.25,62.7,25.13,17.51,0
2026-03-04 01:00:00,node-e,18.24,65.8,26.25,17.94,0
2026-03-04 01:00:00, NODE-F ,19.25,58.5,26.48,18.36,0
2026-03-04 01:15:00,node-a,16.85,76.6,23.41,15.93,0
2026-03-04 01:15:00,node-b,,75.9,24.53,16.42,0
2026-03-04 01:15:00,node-c,17.54,75.0,24.88,16.78,0
2026-03-04 01:15:00,node-d,18.99,69.3,25.13,17.51,0
2026-03-04 01:15:00,node-e,,62.1,26.25,17.94,0
2026-03-04 01:15:00,node-f,19.24,54.4,26.48,18.36,0
2026-03-04 01:30:00,node-a,,86.2,23.41,15.93,0
2026-03-04 01:30:00,node-b,17.45,70.1,24.53,16.42,0
2026-03-04 01:30:00,node-c,18.20,76.6,24.88,16.78,0
2026-03-04 01:30:00,node-d,19.03,71.1,25.13,17.51,0
2026-03-04 01:30:00,node-e,19.24,52.6,26.25,17.94,0
2026-03-04 01:30:00,node-f,20.63,65.0,26.48,18.36,0
2026-03-04 01:45:00,node-a,18.00,88.5,23.41,15.93,0
2026-03-04 01:45:00,node-b,17.87,67.7,24.53,16.42,0
2026-03-04 01:45:00,node-c,17.74,84.0,24.88,16.78,0
2026-03-04 01:45:00,node-d ,18.22,74.1,25.13,17.51,0
2026-03-04 01:45:00,node-d ,18.22,74.1,25.13,17.51,0
2026-03-04 01:45:00,node-e,19.74,66.3,26.25,17.94,0
2026-03-04 01:45:00,node-f,19.76,58.6,26.48,18.36,0
2026-03-04 02:00:00,node-a,18.28,80.8,23.41,15.93,0
2026-03-04 02:00:00,node-b,17.40,67.3,24.53,16.42,0
2026-03-04 02:00:00, NODE-C ,18.88,75.3,24.88,16.78,0
2026-03-04 02:00:00,node-d,19.20,62.0,25.13,17.51,0
2026-03-04 02:00:00,node-e,19.83,74.2,26.25,17.94,0
2026-03-04 02:00:00,node-f,19.28,66.0,26.48,18.36,0
2026-03-04 02:15:00,node-a,16.56,74.4,23.41,15.93,0
2026-03-04 02:15:00,node-b,17.40,79.0,24.53,16.42,0
2026-03-04 02:15:00,node-c,18.10,72.0,24.88,16.78,0
2026-03-04 02:15:00,node-d,19.11,77.8,25.13,17.51,0
2026-03-04 02:15:00,node-e,20.00,68.3,26.25,17.94,0
2026-03-04 02:15:00,node-f,19.94,58.5,26.48,18.36,0
2026-03-04 02:30:00,node-a,16.44,76.1,23.41,15.93,0
2026-03-04 02:30:00,node-b,16.93,77.6,24.53,16.42,0
2026-03-04 02:30:00,node-c,18.11,68.3,24.88,16.78,0
2026-03-04 02:30:00,node-d,17.88,68.9,25.13,17.51,0
2026-03-04 02:30:00,node-e,19.18,65.9,26.25,17.94,0
2026-03-04 02:30:00,node-f,19.55,83.2,26.48,18.36,0
2026-03-04 02:45:00,NODE-A,16.92,79.6,23.41,15.93,0
2026-03-04 02:45:00,node-b,17.85,60.1,24.53,16.42,0
2026-03-04 02:45:00,node-c,18.02,60.2,24.88,16.78,0
2026-03-04 02:45:00,node-d,19.11,78.9,25.13,17.51,0
2026-03-04 02:45:00,node-e,19.42,71.7,26.25,17.94,0
2026-03-04 02:45:00, NODE-F ,18.66,74.0,26.48,18.36,0
2026-03-04 03:00:00,node-a,16.23,75.7,23.41,15.93,0
2026-03-04 03:00:00,node-b,17.28,74.4,24.53,16.42,0
2026-03-04 03:00:00,node-c,18.90,73.2,24.88,16.78,0
2026-03-04 03:00:00,node-d,18.27,71.2,25.13,17.51,0
2026-03-04 03:00:00,node-e,18.90,70.3,26.25,17.94,0
2026-03-04 03:00:00,node-f,19.19,69.3,26.48,18.36,0
2026-03-04 03:15:00,node-a,17.25,67.0,23.41,15.93,0
2026-03-04 03:15:00,node-b,17.05,,24.53,16.42,0
2026-03-04 03:15:00,node-c,17.97,81.5,24.88,16.78,0
2026-03-04 03:15:00,node-d,19.29,86.5,25.13,17.51,0
2026-03-04 03:15:00,node-e,20.57,64.0,26.25,17.94,0
2026-03-04 03:15:00,node-f,20.16,64.9,26.48,18.36,0
2026-03-04 03:30:00,node-a,18.02,,23.41,15.93,0
2026-03-04 03:30:00,node-b,16.72,82.0,24.53,16.42,0
2026-03-04 03:30:00,node-c,18.60,74.7,24.88,16.78,0
2026-03-04 03:30:00,NODE-D,19.27,69.2,25.13,17.51,0
2026-03-04 03:30:00,node-e,20.09,68.6,26.25,17.94,0
2026-03-04 03:30:00,node-e,20.09,68.6,26.25,17.94,0
2026-03-04 03:30:00,node-f,19.48,,26.48,18.36,0
2026-03-04 03:45:00,node-a,17.21,73.3,23.41,15.93,0
2026-03-04 03:45:00,node-b,17.93,79.5,24.53,16.42,0
2026-03-04 03:45:00, NODE-C ,,71.6,24.88,16.78,0
2026-03-04 03:45:00,node-d,17.81,64.9,25.13,17.51,0
2026-03-04 03:45:00,node-e,18.53,70.5,26.25,17.94,0
2026-03-04 03:45:00,node-f,21.21,,26.48,18.36,1
2026-03-04 04:00:00,node-a,16.34,75.7,23.41,15.93,0
2026-03-04 04:00:00,node-b,17.56,83.4,24.53,16.42,0
2026-03-04 04:00:00,node-b,17.56,83.4,24.53,16.42,0
2026-03-04 04:00:00,node-c,17.08,71.2,24.88,16.78,0
2026-03-04 04:00:00,node-d,18.48,67.0,25.13,17.51,0
2026-03-04 04:00:00,node-e,19.57,60.4,26.25,17.94,0
2026-03-04 04:00:00,node-f,20.25,62.0,26.48,18.36,0
2026-03-04 04:15:00,node-a,17.07,77.4,23.41,15.93,0
2026-03-04 04:15:00,node-b ,17.59,83.1,24.53,16.42,0
2026-03-04 04:15:00,node-c,17.79,73.0,24.88,16.78,0
2026-03-04 04:15:00,node-d,19.15,75.5,25.13,17.51,0
2026-03-04 04:15:00,node-e,20.03,71.6,26.25,17.94,0
2026-03-04 04:15:00,node-f,21.37,62.8,26.48,18.36,0
2026-03-04 04:30:00,NODE-A,17.42,87.4,23.41,15.93,0
2026-03-04 04:30:00,node-b,19.29,66.4,24.53,16.42,0
2026-03-04 04:30:00,node-c,19.38,81.3,24.88,16.78,0
2026-03-04 04:30:00,node-d,,61.2,25.13,17.51,0
2026-03-04 04:30:00,node-e,18.89,76.0,26.25,17.94,0
2026-03-04 04:30:00,node-f,21.20,70.6,26.48,18.36,0
2026-03-04 04:45:00,node-a,,77.6,23.41,15.93,0
2026-03-04 04:45:00,node-b,17.80,86.5,24.53,16.42,0
2026-03-04 04:45:00,node-c,17.52,68.4,24.88,16.78,0
2026-03-04 04:45:00,node-d,19.41,66.8,25.13,17.51,0
2026-03-04 04:45:00,node-e,19.30,,26.25,17.94,0
2026-03-04 04:45:00,node-f,19.33,66.7,26.48,18.36,0
2026-03-04 05:00:00,node-a,18.92,73.1,23.41,15.93,0
2026-03-04 05:00:00,node-b,18.71,67.9,24.53,16.42,0
2026-03-04 05:00:00,node-c,18.82,69.2,24.88,16.78,0
2026-03-04 05:00:00,node-d,19.36,,25.13,17.51,0
2026-03-04 05:00:00,node-e ,18.83,,26.25,17.94,0
2026-03-04 05:00:00,node-f,20.26,60.1,26.48,18.36,0
2026-03-04 05:15:00,node-a,17.64,71.0,23.41,15.93,0
2026-03-04 05:15:00,node-b,17.52,63.0,24.53,16.42,0
2026-03-04 05:15:00,node-b,17.52,63.0,24.53,16.42,0
2026-03-04 05:15:00,node-c,17.99,58.0,24.88,16.78,0
2026-03-04 05:15:00, NODE-D ,19.11,63.1,25.13,17.51,0
2026-03-04 05:15:00,node-e,19.34,65.9,26.25,17.94,0
2026-03-04 05:15:00,node-f,20.52,70.0,26.48,18.36,0
2026-03-04 05:30:00,node-a,17.67,69.6,23.41,15.93,0
2026-03-04 05:30:00,node-b,17.47,65.0,24.53,16.42,0
2026-03-04 05:30:00,node-c,20.18,79.3,24.88,16.78,0
2026-03-04 05:30:00,node-d,19.81,74.7,25.13,17.51,0
2026-03-04 05:30:00,node-e,19.44,75.6,26.25,17.94,0
2026-03-04 05:30:00,node-f,19.65,67.8,26.48,18.36,0
2026-03-04 05:30:00,node-f,19.65,67.8,26.48,18.36,0
2026-03-04 05:45:00,node-a,17.25,74.2,23.41,15.93,0
2026-03-04 05:45:00,node-b,18.70,75.1,24.53,16.42,0
2026-03-04 05:45:00,node-c,18.14,,24.88,16.78,0
2026-03-04 05:45:00,node-d,20.17,73.3,25.13,17.51,0
2026-03-04 05:45:00,node-e,19.12,72.3,26.25,17.94,0
2026-03-04 05:45:00,node-f,,58.5,26.48,18.36,0
2026-03-04 06:00:00,node-a,17.15,,23.41,15.93,0
2026-03-04 06:00:00,node-b ,18.29,74.8,24.53,16.42,0
2026-03-04 06:00:00,node-c,18.67,79.8,24.88,16.78,0
2026-03-04 06:00:00,node-d,19.19,70.6,25.13,17.51,0
2026-03-04 06:00:00,node-e,20.79,69.8,26.25,17.94,0
2026-03-04 06:00:00,node-f,20.21,72.0,26.48,18.36,0
2026-03-04 06:15:00, NODE-A ,17.77,63.5,23.41,15.93,0
2026-03-04 06:15:00,node-b,19.09,70.1,24.53,16.42,0
2026-03-04 06:15:00,node-c,19.29,62.5,24.88,16.78,0
2026-03-04 06:15:00,node-d,19.43,67.6,25.13,17.51,0
2026-03-04 06:15:00,node-e,20.04,54.4,26.25,17.94,0
2026-03-04 06:15:00,node-e,20.04,54.4,26.25,17.94,0
2026-03-04 06:15:00,node-f,22.12,60.5,26.48,18.36,0
2026-03-04 06:30:00,node-a,18.33,71.2,23.41,15.93,0
2026-03-04 06:30:00,node-b,17.71,62.4,24.53,16.42,0
2026-03-04 06:30:00,node-c,17.62,65.0,24.88,16.78,0
2026-03-04 06:30:00,node-d,19.44,72.9,25.13,17.51,0
2026-03-04 06:30:00,node-e,19.99,64.2,26.25,17.94,0
2026-03-04 06:30:00,node-f,21.11,65.1,26.48,18.36,0
2026-03-04 06:45:00,node-a,18.94,70.2,23.41,15.93,0
2026-03-04 06:45:00,node-b,18.21,77.3,24.53,16.42,0
2026-03-04 06:45:00,node-c,18.99,65.5,24.88,16.78,0
2026-03-04 06:45:00,node-d,19.09,63.4,25.13,17.51,0
2026-03-04 06:45:00,NODE-E,20.66,64.0,26.25,17.94,0
2026-03-04 06:45:00,node-f,19.99,58.5,26.48,18.36,0
2026-03-04 06:45:00,node-f,19.99,58.5,26.48,18.36,0
2026-03-04 07:00:00,node-a,17.68,75.9,23.41,15.93,0
2026-03-04 07:00:00,node-b,20.26,66.8,24.53,16.42,0
2026-03-04 07:00:00,node-c,20.09,72.0,24.88,16.78,0
2026-03-04 07:00:00, NODE-D ,20.53,63.8,25.13,17.51,0
2026-03-04 07:00:00,node-e,19.90,48.3,26.25,17.94,0
2026-03-04 07:00:00,node-f,21.27,59.8,26.48,18.36,1
2026-03-04 07:15:00,node-a,18.16,86.7,23.41,15.93,0
2026-03-04 07:15:00,node-b,18.91,67.8,24.53,16.42,0
2026-03-04 07:15:00,node-c,19.77,69.4,24.88,16.78,0
2026-03-04 07:15:00,node-d,20.19,71.6,25.13,17.51,0
2026-03-04 07:15:00,node-e,20.88,67.7,26.25,17.94,0
2026-03-04 07:15:00,node-f,21.09,60.8,26.48,18.36,0
2026-03-04 07:30:00,node-a,,57.0,23.41,15.93,0
2026-03-04 07:30:00,node-b,17.98,75.7,24.53,16.42,0
2026-03-04 07:30:00,node-c,20.48,61.5,24.88,16.78,0
2026-03-04 07:30:00,node-d,21.56,63.6,25.13,17.51,0
2026-03-04 07:30:00,node-d,21.56,63.6,25.13,17.51,0
2026-03-04 07:30:00,node-e,21.13,57.1,26.25,17.94,0
2026-03-04 07:30:00,node-f,21.74,,26.48,18.36,0
2026-03-04 07:45:00,node-a,19.37,,23.41,15.93,0
2026-03-04 07:45:00,NODE-B,20.24,70.4,24.53,16.42,0
2026-03-04 07:45:00,node-c,20.06,65.5,24.88,16.78,0
2026-03-04 07:45:00,node-d,19.66,68.2,25.13,17.51,0
2026-03-04 07:45:00,node-e,20.86,67.8,26.25,17.94,0
2026-03-04 07:45:00,node-f,21.52,67.6,26.48,18.36,0
2026-03-04 08:00:00, NODE-A ,19.57,63.4,23.41,15.93,0
2026-03-04 08:00:00,node-b,19.99,79.8,24.53,16.42,0
2026-03-04 08:00:00,node-c,,61.0,24.88,16.78,0
2026-03-04 08:00:00,node-d,20.34,71.1,25.13,17.51,0
2026-03-04 08:00:00,node-e,21.04,63.1,26.25,17.94,0
2026-03-04 08:00:00,node-f,21.84,59.1,26.48,18.36,0
2026-03-04 08:15:00,node-a,18.48,,23.41,15.93,0
2026-03-04 08:15:00,node-b,19.82,71.1,24.53,16.42,0
2026-03-04 08:15:00,node-c,19.51,64.6,24.88,16.78,0
2026-03-04 08:15:00,node-d,21.72,60.6,25.13,17.51,0
2026-03-04 08:15:00,node-e,22.29,54.8,26.25,17.94,0
2026-03-04 08:15:00,node-f ,22.64,47.7,26.48,18.36,1
2026-03-04 08:30:00,node-a,19.79,67.3,23.41,15.93,0
2026-03-04 08:30:00,node-b,20.38,62.7,24.53,16.42,0
2026-03-04 08:30:00,node-c,21.02,63.4,24.88,16.78,0
2026-03-04 08:30:00,node-d,20.35,58.1,25.13,17.51,0
2026-03-04 08:30:00,NODE-E,20.69,63.2,26.25,17.94,0
2026-03-04 08:30:00,node-f,21.85,67.7,26.48,18.36,0
2026-03-04 08:45:00,node-a,19.43,,23.41,15.93,0
2026-03-04 08:45:00,node-b,20.03,64.1,24.53,16.42,0
2026-03-04 08:45:00,node-c,21.30,54.2,24.88,16.78,0
2026-03-04 08:45:00,node-d,20.55,63.9,25.13,17.51,0
2026-03-04 08:45:00,node-e,21.82,,26.25,17.94,0
2026-03-04 08:45:00,node-f,22.41,48.7,26.48,18.36,1
2026-03-04 09:00:00,node-a,19.50,58.9,23.41,15.93,0
2026-03-04 09:00:00,node-b,20.54,67.5,24.53,16.42,0
2026-03-04 09:00:00,node-c,20.85,61.1,24.88,16.78,0
2026-03-04 09:00:00,node-d,20.81,64.3,25.13,17.51,0
2026-03-04 09:00:00,node-e,22.35,44.6,26.25,17.94,1
2026-03-04 09:00:00,node-f,21.67,55.0,26.48,18.36,1
2026-03-04 09:15:00,node-a,19.67,60.2,23.41,15.93,0
2026-03-04 09:15:00,node-b,20.19,60.2,24.53,16.42,0
2026-03-04 09:15:00,node-c ,20.71,69.9,24.88,16.78,0
2026-03-04 09:15:00,node-d,21.94,,25.13,17.51,0
2026-03-04 09:15:00,node-e,22.12,56.0,26.25,17.94,0
2026-03-04 09:15:00,node-f,21.30,51.6,26.48,18.36,1
2026-03-04 09:30:00,node-a,19.46,69.9,23.41,15.93,0
2026-03-04 09:30:00, NODE-B ,20.37,59.1,24.53,16.42,0
2026-03-04 09:30:00,node-c,21.87,66.8,24.88,16.78,0
2026-03-04 09:30:00,node-d,22.92,59.4,25.13,17.51,1
2026-03-04 09:30:00,node-e,22.11,58.8,26.25,17.94,0
2026-03-04 09:30:00,node-f,22.16,45.7,26.48,18.36,1
2026-03-04 09:45:00,node-a,20.29,62.5,23.41,15.93,0
2026-03-04 09:45:00,node-b,20.51,66.1,24.53,16.42,0
2026-03-04 09:45:00,node-c,22.12,63.1,24.88,16.78,0
2026-03-04 09:45:00,node-d,21.82,56.5,25.13,17.51,0
2026-03-04 09:45:00,node-e,23.37,61.6,26.25,17.94,1
2026-03-04 09:45:00,node-f,22.75,53.0,26.48,18.36,0
2026-03-04 10:00:00,node-a,20.03,53.6,23.41,15.93,0
2026-03-04 10:00:00,node-b,21.55,53.7,24.53,16.42,0
2026-03-04 10:00:00,node-c,21.97,63.3,24.88,16.78,0
2026-03-04 10:00:00,node-d,23.46,75.0,25.13,17.51,0
2026-03-04 10:00:00,node-e,22.07,68.4,26.25,17.94,0
2026-03-04 10:00:00,node-f ,22.02,48.3,26.48,18.36,0
2026-03-04 10:15:00,node-a,20.40,70.5,23.41,15.93,0
2026-03-04 10:15:00,node-b,21.14,65.0,24.53,16.42,0
2026-03-04 10:15:00,node-c,21.22,57.2,24.88,16.78,0
2026-03-04 10:15:00,node-d,21.44,53.9,25.13,17.51,0
2026-03-04 10:15:00, NODE-E ,23.67,63.5,26.25,17.94,0
2026-03-04 10:15:00,node-f,21.09,54.0,26.48,18.36,1
2026-03-04 10:30:00,node-a,20.12,63.0,23.41,15.93,0
2026-03-04 10:30:00,node-b,20.94,61.2,24.53,16.42,0
2026-03-04 10:30:00,node-c,22.28,41.4,24.88,16.78,1
2026-03-04 10:30:00,node-d,22.71,63.5,25.13,17.51,1
2026-03-04 10:30:00,node-e,22.72,47.5,26.25,17.94,1
2026-03-04 10:30:00,node-f,23.20,54.0,26.48,18.36,1
2026-03-04 10:45:00,node-a,19.44,64.4,23.41,15.93,0
2026-03-04 10:45:00,node-b,21.48,54.9,24.53,16.42,0
2026-03-04 10:45:00,node-c,20.94,62.8,24.88,16.78,0
2026-03-04 10:45:00,node-d,22.93,54.7,25.13,17.51,1
2026-03-04 10:45:00,node-e,24.26,54.5,26.25,17.94,1
2026-03-04 10:45:00,node-f,23.18,44.7,26.48,18.36,1
2026-03-04 11:00:00,node-a,20.75,66.7,23.41,15.93,0
2026-03-04 11:00:00,node-b,21.34,56.5,24.53,16.42,0
2026-03-04 11:00:00,NODE-C,21.94,53.2,24.88,16.78,0
2026-03-04 11:00:00,node-d,22.87,45.2,25.13,17.51,1
2026-03-04 11:00:00,node-e,23.51,54.0,26.25,17.94,0
2026-03-04 11:00:00,node-e,23.51,54.0,26.25,17.94,0
2026-03-04 11:00:00,node-f,24.25,,26.48,18.36,1
2026-03-04 11:00:00,node-f,24.25,,26.48,18.36,1
2026-03-04 11:15:00,node-a,21.50,62.8,23.41,15.93,0
2026-03-04 11:15:00, NODE-B ,20.04,,24.53,16.42,0
2026-03-04 11:15:00,node-c,22.51,56.7,24.88,16.78,0
2026-03-04 11:15:00,node-d,,58.5,25.13,17.51,1
2026-03-04 11:15:00,node-e,24.01,67.8,26.25,17.94,1
2026-03-04 11:15:00,node-f,24.37,50.6,26.48,18.36,1
2026-03-04 11:30:00,node-a,21.87,51.4,23.41,15.93,0
2026-03-04 11:30:00,node-b,22.04,61.4,24.53,16.42,0
2026-03-04 11:30:00,node-c,21.89,56.7,24.88,16.78,0
2026-03-04 11:30:00,node-d,23.00,65.2,25.13,17.51,1
2026-03-04 11:30:00,node-e,23.85,52.4,26.25,17.94,0
2026-03-04 11:30:00,node-f,24.30,48.1,26.48,18.36,1
2026-03-04 11:45:00,node-a,22.42,58.0,23.41,15.93,0
2026-03-04 11:45:00,node-b,23.55,60.6,24.53,16.42,0
2026-03-04 11:45:00,node-c,23.14,,24.88,16.78,0
2026-03-04 11:45:00,node-d,23.28,61.7,25.13,17.51,0
2026-03-04 11:45:00,node-e,25.95,47.2,26.25,17.94,1
2026-03-04 11:45:00,NODE-F,25.01,42.5,26.48,18.36,1
2026-03-04 12:00:00,node-a,21.05,51.7,23.41,15.93,0
2026-03-04 12:00:00,node-b,21.25,,24.53,16.42,0
2026-03-04 12:00:00,node-b,21.25,,24.53,16.42,0
2026-03-04 12:00:00,node-c,20.96,63.3,24.88,16.78,0
2026-03-04 12:00:00,node-c,20.96,63.3,24.88,16.78,0
2026-03-04 12:00:00,node-d,23.99,50.5,25.13,17.51,0
2026-03-04 12:00:00, NODE-E ,24.44,55.0,26.25,17.94,1
2026-03-04 12:00:00,node-f,24.16,46.1,26.48,18.36,1
2026-03-04 12:15:00,node-a,21.36,61.9,23.41,15.93,0
2026-03-04 12:15:00,node-b,22.43,59.3,24.53,16.42,0
2026-03-04 12:15:00,node-c,22.94,46.7,24.88,16.78,1
2026-03-04 12:15:00,node-d,24.83,51.1,25.13,17.51,1
2026-03-04 12:15:00,node-e,23.70,54.8,26.25,17.94,0
2026-03-04 12:15:00,node-f,25.16,,26.48,18.36,1
2026-03-04 12:30:00,node-a,22.16,62.2,23.41,15.93,0
2026-03-04 12:30:00,node-b,22.21,61.6,24.53,16.42,0
2026-03-04 12:30:00,node-c,,51.4,24.88,16.78,0
2026-03-04 12:30:00,node-d ,23.92,47.9,25.13,17.51,0
2026-03-04 12:30:00,node-e,23.05,64.2,26.25,17.94,0
2026-03-04 12:30:00,node-f,25.38,42.7,26.48,18.36,1
2026-03-04 12:45:00,node-a,20.30,,23.41,15.93,0
2026-03-04 12:45:00,node-b,23.18,46.9,24.53,16.42,1
2026-03-04 12:45:00,NODE-C,22.55,46.2,24.88,16.78,0
2026-03-04 12:45:00,node-d,22.96,54.0,25.13,17.51,0
2026-03-04 12:45:00,node-e,23.55,53.9,26.25,17.94,0
2026-03-04 12:45:00,node-f,25.62,44.6,26.48,18.36,1
2026-03-04 13:00:00,node-a,22.34,,23.41,15.93,0
2026-03-04 13:00:00,node-b,22.49,60.7,24.53,16.42,0
2026-03-04 13:00:00,node-c,23.05,56.6,24.88,16.78,0
2026-03-04 13:00:00,node-d,24.52,41.9,25.13,17.51,1
2026-03-04 13:00:00,node-e,24.19,52.3,26.25,17.94,1
2026-03-04 13:00:00,node-f,25.20,42.2,26.48,18.36,1
2026-03-04 13:15:00,node-a,21.37,67.6,23.41,15.93,0
2026-03-04 13:15:00,node-b,23.33,54.1,24.53,16.42,1
2026-03-04 13:15:00,node-c,22.21,59.7,24.88,16.78,0
2026-03-04 13:15:00,node-d,24.80,46.4,25.13,17.51,1
2026-03-04 13:15:00,node-e,25.25,40.7,26.25,17.94,1
2026-03-04 13:15:00,node-f,24.91,57.3,26.48,18.36,1
2026-03-04 13:30:00,node-a ,,59.3,23.41,15.93,0
2026-03-04 13:30:00,node-b,23.33,,24.53,16.42,0
2026-03-04 13:30:00,node-c,22.96,,24.88,16.78,0
2026-03-04 13:30:00,node-d,22.49,52.3,25.13,17.51,0
2026-03-04 13:30:00,node-e,25.11,44.0,26.25,17.94,1
2026-03-04 13:30:00, NODE-F ,24.99,44.2,26.48,18.36,1
2026-03-04 13:45:00,node-a,22.80,60.3,23.41,15.93,0
2026-03-04 13:45:00,node-b,21.48,47.0,24.53,16.42,0
2026-03-04 13:45:00,node-c,22.51,59.1,24.88,16.78,0
2026-03-04 13:45:00,node-d,,51.2,25.13,17.51,0
2026-03-04 13:45:00,node-e,24.68,47.0,26.25,17.94,1
2026-03-04 13:45:00,node-f,25.30,40.8,26.48,18.36,1
2026-03-04 14:00:00,node-a,21.82,53.1,23.41,15.93,0
2026-03-04 14:00:00,node-b,22.82,48.5,24.53,16.42,0
2026-03-04 14:00:00,node-c,24.58,57.6,24.88,16.78,1
2026-03-04 14:00:00,node-d,22.86,41.1,25.13,17.51,0
2026-03-04 14:00:00,node-e,23.92,56.6,26.25,17.94,0
2026-03-04 14:00:00,node-f,25.41,39.0,26.48,18.36,1
2026-03-04 14:15:00,node-a,22.00,61.5,23.41,15.93,0
2026-03-04 14:15:00,node-b,22.95,42.5,24.53,16.42,1
2026-03-04 14:15:00,node-c,,51.7,24.88,16.78,0
2026-03-04 14:15:00,node-d ,23.65,59.9,25.13,17.51,0
2026-03-04 14:15:00,node-e,25.25,47.1,26.25,17.94,1
2026-03-04 14:15:00,node-f,26.01,49.9,26.48,18.36,1
2026-03-04 14:30:00,node-a,22.13,64.0,23.41,15.93,0
2026-03-04 14:30:00,node-b,23.05,57.4,24.53,16.42,0
2026-03-04 14:30:00, NODE-C ,22.71,56.3,24.88,16.78,0
2026-03-04 14:30:00,node-d,24.20,56.3,25.13,17.51,1
2026-03-04 14:30:00,node-e,24.75,57.5,26.25,17.94,1
2026-03-04 14:30:00,node-f,25.64,43.3,26.48,18.36,1
2026-03-04 14:45:00,node-a,21.81,57.4,23.41,15.93,0
2026-03-04 14:45:00,node-b,23.34,58.5,24.53,16.42,1
2026-03-04 14:45:00,node-c,23.99,49.7,24.88,16.78,1
2026-03-04 14:45:00,node-c,23.99,49.7,24.88,16.78,1
2026-03-04 14:45:00,node-d,24.47,45.0,25.13,17.51,0
2026-03-04 14:45:00,node-e,25.12,52.0,26.25,17.94,1
2026-03-04 14:45:00,node-f,25.78,40.2,26.48,18.36,1
2026-03-04 15:00:00,node-a,21.01,,23.41,15.93,0
2026-03-04 15:00:00,node-b,24.23,46.6,24.53,16.42,1
2026-03-04 15:00:00,node-c,23.48,48.9,24.88,16.78,0
2026-03-04 15:00:00,node-d,24.01,47.7,25.13,17.51,1
2026-03-04 15:00:00,node-e,22.69,48.0,26.25,17.94,1
2026-03-04 15:00:00,node-f,26.15,28.0,26.48,18.36,1
2026-03-04 15:15:00,NODE-A,,75.3,23.41,15.93,0
2026-03-04 15:15:00,node-b,22.35,46.7,24.53,16.42,1
2026-03-04 15:15:00,node-c,23.47,47.5,24.88,16.78,0
2026-03-04 15:15:00,node-d,24.34,51.6,25.13,17.51,1
2026-03-04 15:15:00,node-e,25.09,42.0,26.25,17.94,1
2026-03-04 15:15:00, NODE-F ,24.57,49.2,26.48,18.36,1
2026-03-04 15:30:00,node-a,22.88,50.4,23.41,15.93,0
2026-03-04 15:30:00,node-b,22.81,53.4,24.53,16.42,0
2026-03-04 15:30:00,node-c,23.92,46.1,24.88,16.78,1
2026-03-04 15:30:00,node-d,24.22,55.2,25.13,17.51,1
2026-03-04 15:30:00,node-e,24.08,50.3,26.25,17.94,1
2026-03-04 15:30:00,node-f,25.21,37.3,26.48,18.36,1
2026-03-04 15:45:00,node-a,22.33,53.0,23.41,15.93,0
2026-03-04 15:45:00,node-b,23.11,54.0,24.53,16.42,0
2026-03-04 15:45:00,node-c,24.42,45.8,24.88,16.78,1
2026-03-04 15:45:00,node-d,23.69,36.2,25.13,17.51,1
2026-03-04 15:45:00,node-e,24.79,40.9,26.25,17.94,1
2026-03-04 15:45:00,node-f,25.47,48.9,26.48,18.36,1
2026-03-04 16:00:00,node-a,21.93,52.3,23.41,15.93,0
2026-03-04 16:00:00,node-b,21.84,47.3,24.53,16.42,0
2026-03-04 16:00:00,node-c,23.90,57.0,24.88,16.78,1
2026-03-04 16:00:00,NODE-D,23.80,54.6,25.13,17.51,1
2026-03-04 16:00:00,node-e,25.22,49.8,26.25,17.94,1
2026-03-04 16:00:00,node-f,24.16,52.2,26.48,18.36,1
2026-03-04 16:15:00,node-a,21.70,61.1,23.41,15.93,0
2026-03-04 16:15:00,node-a,21.70,61.1,23.41,15.93,0
2026-03-04 16:15:00,node-b,22.32,51.3,24.53,16.42,0
2026-03-04 16:15:00, NODE-C ,23.89,46.3,24.88,16.78,1
2026-03-04 16:15:00,node-d,23.66,36.7,25.13,17.51,1
2026-03-04 16:15:00,node-e,25.05,54.3,26.25,17.94,1
2026-03-04 16:15:00,node-f,24.53,40.3,26.48,18.36,1
2026-03-04 16:30:00,node-a,21.30,58.5,23.41,15.93,0
2026-03-04 16:30:00,node-b,22.04,51.1,24.53,16.42,0
2026-03-04 16:30:00,node-c,23.35,47.5,24.88,16.78,1
2026-03-04 16:30:00,node-d,23.54,49.2,25.13,17.51,1
2026-03-04 16:30:00,node-e,23.96,50.4,26.25,17.94,1
2026-03-04 16:30:00,node-f,26.18,42.1,26.48,18.36,1
2026-03-04 16:45:00,node-a,22.23,56.4,23.41,15.93,0
2026-03-04 16:45:00,node-b ,22.95,45.2,24.53,16.42,0
2026-03-04 16:45:00,node-c,23.76,,24.88,16.78,1
2026-03-04 16:45:00,node-d,23.62,57.5,25.13,17.51,0
2026-03-04 16:45:00,node-e,24.88,45.7,26.25,17.94,1
2026-03-04 16:45:00,node-f,24.67,38.3,26.48,18.36,1
2026-03-04 17:00:00,NODE-A,21.96,38.6,23.41,15.93,0
2026-03-04 17:00:00,node-b,21.10,42.7,24.53,16.42,0
2026-03-04 17:00:00,node-b,21.10,42.7,24.53,16.42,0
2026-03-04 17:00:00,node-c,23.65,62.0,24.88,16.78,1
2026-03-04 17:00:00,node-d,23.83,49.2,25.13,17.51,0
2026-03-04 17:00:00,node-e,24.45,58.5,26.25,17.94,1
2026-03-04 17:00:00,node-f,25.71,48.5,26.48,18.36,1
2026-03-04 17:15:00,node-a,23.11,44.4,23.41,15.93,0
2026-03-04 17:15:00,node-b,22.35,60.2,24.53,16.42,0
2026-03-04 17:15:00,node-c,23.02,53.5,24.88,16.78,0
2026-03-04 17:15:00,node-d,23.83,47.8,25.13,17.51,1
2026-03-04 17:15:00,node-e,24.21,56.5,26.25,17.94,1
2026-03-04 17:15:00,node-f,23.94,41.8,26.48,18.36,1
2026-03-04 17:30:00,node-a,22.18,,23.41,15.93,0
2026-03-04 17:30:00,node-b,22.50,52.5,24.53,16.42,1
2026-03-04 17:30:00,node-c,22.15,58.0,24.88,16.78,0
2026-03-04 17:30:00,node-c,22.15,58.0,24.88,16.78,0
2026-03-04 17:30:00,node-d,23.58,49.3,25.13,17.51,1
2026-03-04 17:30:00,node-e ,23.75,47.0,26.25,17.94,1
2026-03-04 17:30:00,node-f,,55.8,26.48,18.36,1
2026-03-04 17:45:00,node-a,,57.5,23.41,15.93,0
2026-03-04 17:45:00,node-b,21.59,65.5,24.53,16.42,0
2026-03-04 17:45:00,node-c,22.40,62.1,24.88,16.78,0
2026-03-04 17:45:00, NODE-D ,24.56,46.8,25.13,17.51,1
2026-03-04 17:45:00,node-e,23.24,53.4,26.25,17.94,1
2026-03-04 17:45:00,node-f,24.09,56.7,26.48,18.36,1
